-- =======================================================================
-- 003_facility_import_May4_2026.sql
-- Generated by generate_seed.py from:
--   facility_import_May4_2026/proposed_waste/proposed_waste.xlsx  (2 sheets)
--   facility_import_May4_2026/reactors/Reactors.xlsx
--   facility_import_May4_2026/fuel_processing/Compiled_Frontend.xlsx
--
-- Site dedup: lat/lon rounded to 4 decimal places.
-- IDs: deterministic uuid5 — safe to re-run (ON CONFLICT DO NOTHING).
-- Ownership excluded from this import.
-- =======================================================================

begin;

-- -----------------------------------------------------------------------
-- facility_types  (upsert any new types used below)
-- -----------------------------------------------------------------------
insert into facility_types (id, label, category) values
  ('reactor',          'Reactor',           'reactor'),
  ('interim_storage',  'Interim Storage',   'backend'),
  ('repository',       'Repository',        'backend'),
  ('conversion',       'Conversion',        'fuel_processing'),
  ('enrichment',       'Enrichment',        'fuel_processing'),
  ('deconversion',     'Deconversion',      'fuel_processing'),
  ('fuel_fabrication', 'Fuel Fabrication',  'fuel_processing'),
  ('reprocessing',     'Reprocessing',      'fuel_processing'),
  ('mill',             'Mill',              'frontend'),
  ('isr',              'ISR',               'frontend')
on conflict (id) do update
  set label    = excluded.label,
      category = excluded.category;

    -- -----------------------------------------------------------------------
    -- sites
    -- -----------------------------------------------------------------------
    insert into sites (id, site_name, latitude, longitude) values
      ('b9688ab6-8c24-5bc5-ad31-c30c113a0cde', 'GE Vallecitos', 37.613267, -121.840164),
      ('600fda3e-3f56-5b2c-9924-37170b20abec', 'Hallam', 40.5584929946832, -96.7848402072405),
      ('c47e9990-de63-598b-bdd9-5048a4f813db', 'Piqua', 40.132057537264, -84.2346732422025),
      ('8a7c47c0-cdc3-503b-b13c-233b55a9c7b4', 'Carolinas-Virginia Tube Reactor', 34.2624133204834, -81.3292169265194),
      ('914a70f8-0a9d-5ca9-b911-ea4a62961d54', 'Pathfinder', 43.603663413289, -96.6375310929854),
      ('e1199e96-b717-54b7-8d5d-e0e5a4afc43d', 'Elk River', 45.2952150019709, -93.5567606093507),
      ('1b945e55-0663-55bf-81cb-e4d02ab30207', 'Bonus', 18.3652011465204, -67.2687288940122),
      ('2e0ab531-148d-526d-913b-9002ae259dc7', 'Crystal River', 28.9603006461724, -82.6976786470142),
      ('d316f712-e83a-563d-a256-960b2e0e6880', 'Saxton', 40.2261604757666, -78.241720228704),
      ('5c4a42f9-0329-58e9-8c6a-7ee98c9e8e1e', 'Fermi', 41.9650105956271, -83.2585402891352),
      ('ed265917-ee3e-5e8d-a987-9b2777be415d', 'Indian Point', 41.2696982493278, -73.9518237218375),
      ('cd756780-3299-5ed8-a1cf-ddb8b5d50dcc', 'Peach Bottom', 39.7602428179189, -76.2687868856642),
      ('d049d07b-d976-5386-9666-21df587e60a8', 'Humboldt Bay', 40.7414926770464, -124.209076190044),
      ('4c47dbc9-303e-56d2-a779-57889882bcb8', 'Dresden', 41.3886022591039, -88.2691120684088),
      ('d97071ad-151f-5b8d-9c27-ba715484a0eb', 'Three Mile Island', 40.1534243773524, -76.7252218152129),
      ('02bdddba-4433-56ff-af5b-8bf7f88b60b0', 'Shippingport', 40.6229965325636, -80.4233762349783),
      ('5825bfe1-12c1-5924-bb5e-0366cd43e19d', 'LaCrosse', 43.5601552306945, -91.2318090764972),
      ('ab04a121-5ebd-5ebc-b491-7f993cbb3194', 'Rancho Seco', 38.3446442068324, -121.120028158188),
      ('d268db76-366f-5ac7-b19a-5048618b9cd1', 'Shoreham', 40.9611792119532, 72.8669536022506),
      ('968a9acb-51fa-5fd4-875d-70df4eb8704d', 'Fort St. Vrain', 40.2454563412914, -104.873760201714),
      ('139a51bb-a9c2-5efc-b1dc-f0b4baaed968', 'Yankee NPS', 42.7271756264062, -72.9271763746132),
      ('667cda89-6663-52d8-bc65-46ebbe9fd0bb', 'Trojan', 46.0383553142206, -122.885010732123),
      ('d211b2d3-57b7-53cb-84d4-9d135bbe402d', 'San Onofre', 33.3689780741502, -117.554501925288),
      ('efef04a3-892d-5c8d-9fe6-710e4e55a98a', 'Haddam Neck', 41.4814792985029, -72.4859901513748),
      ('bbc1c97d-692c-522d-aea7-ce231baaea37', 'Maine Yankee', 43.9543274421994, -69.6942196939987),
      ('7200f108-e474-50f9-93cd-d3998517ab53', 'Big Rock Point', 45.3596086103379, -85.1957623387276),
      ('7a0eab75-b107-541d-b617-c5738e560394', 'Zion', 42.4461518949068, -87.8019433439443),
      ('87631e3f-4a0c-580e-888e-ad347e4b9041', 'Millstone', 41.3104323014564, -72.1670455599053),
      ('e9698fdd-d33b-5e7b-9cf6-a4d63dd8b3bc', 'Kewaunee', 44.3426668306379, -87.5355015824908),
      ('9df24fe6-0913-5f5e-aa34-af5a9986dd49', 'Vermont Yankee', 42.7791570920529, -72.5129094439288),
      ('09bf48fe-e76e-5d4b-8aba-38b244d43e00', 'Fort Calhoun', 41.5191725992977, -96.0756399556346),
      ('eab8b4cd-6797-5bea-9b1c-f4ab993cc62c', 'Oyster Creek', 39.8142431755545, -74.21960953483),
      ('d2c01b24-11de-5db7-8dab-98c29517432a', 'Pilgrim', 41.9436811130347, -70.5773661593085),
      ('b507eeb0-0d81-503a-864f-237edef59520', 'Duane Arnold', 41.9440770182411, -91.6380453917766),
      ('d5528528-2437-531c-bde9-ac98fed7ff0f', 'Palisades', 42.3233892875962, -86.3130248175294),
      ('66e135ae-8bc2-5e3d-9127-0751cc67147f', 'Browns Ferry-3*', 34.7048737535977, -87.1169171445509),
      ('29b7d450-0a9c-5f79-931f-b7f2949fc682', 'Arkansas Nuclear', 35.3109352687691, -93.2308615606922),
      ('53d890e5-db00-577d-9fad-e34e26ccfb7f', 'Braidwood', 41.2428210874898, -88.2295827260857),
      ('d680c4b2-afd8-53fe-ac07-f5ad940dc3a6', 'Brunswick', 33.9577402558954, -78.0132934282077),
      ('2ee81924-b6bb-58aa-8235-a3c92a18fddd', 'Byron', 42.0769287669822, -89.2809543242032),
      ('044d6361-2d81-585f-b794-fba6d9f65d10', 'Callaway', 38.7606410299047, -91.7829770648166),
      ('0d993bda-82a9-5beb-a1fe-471562449931', 'Calvert Cliffs', 38.4316110291839, -76.4412878330878),
      ('5045660d-b0eb-5710-b414-91e3dd5dc4a9', 'Catawba', 35.0551094511984, -81.0756961632936),
      ('f2ce6c7e-ad1e-5f8d-b59f-0da18c55d4e7', 'Clinton', 40.17303182346, -88.8327082052421),
      ('275feb33-b086-5bcc-82ba-7b8df2b24ba3', 'Columbia', 46.471698580943, -119.333804947988),
      ('591ab96a-f34f-5707-a408-a1ec3e6c6e31', 'Comanche Peak', 32.2984481787367, -97.7853318477506),
      ('3921aa17-9e16-5e14-abec-1164345f239b', 'Cooper', 40.3623711963321, -95.6410344181723),
      ('b560bd35-0d02-595a-8642-e1a237e0ea7c', 'D.C. Cook', 41.9757788459584, -86.5650548009167),
      ('857779a9-266d-58de-bd86-0907ed1108f3', 'Davis-Besse', 41.5964691045694, -83.0952347855904),
      ('5fbc1d07-c0ff-5f33-92ae-8d5e70f07e0f', 'Diablo Canyon', 35.2118687875755, -120.855101776037),
      ('d15b508a-000b-545a-9c2e-d99259e2f5f5', 'Farley', 31.222644128837, -85.1114757655934),
      ('b1caafa3-7857-5354-93c9-3138ab8a6b4e', 'Fitzpatrick', 43.5234004256475, -76.3987140466909),
      ('fb5c33c3-6a17-597b-9b5f-7391e10cff52', 'Ginna', 43.2777404425172, -77.3091065079487),
      ('c3b07a33-9532-5a3c-8676-b117b3f511f6', 'Grand Gulf', 32.0115489277469, -91.0478984711579),
      ('49cdc706-4f2a-5598-b718-fb1d02a32a75', 'Hatch', 31.934541734791, -82.3440479859464),
      ('7a813730-568d-5626-82a3-7f9c319067e3', 'Hope Creek', 39.4663225940273, -75.5361008182077),
      ('306b7acf-425c-55e0-830d-6920398c60a4', 'La Salle', 41.2459318764402, -88.6684653419832),
      ('3e725318-e769-5103-8b24-71cac08ebda7', 'Limerick', 40.225655168736, -75.5859225765734),
      ('9a05991e-febc-5347-aa6d-a01094fe7b86', 'McGuire', 35.4345903048598, -80.9492792441548),
      ('25b25f27-5a2a-5c89-b20b-9a148f0aec2b', 'Millstone', 41.3105612437259, -72.1670133726643),
      ('7b74f7a8-81da-57d1-b1f5-22dfb2b26887', 'Monticello', 45.3327766638785, -93.8471921081768),
      ('988046bf-8bea-52d8-9c3f-79adc30f0085', 'Nine Mile Point', 43.5205763656679, -76.406142858523),
      ('def7e32a-dd47-5a89-8eee-601e21bc2e3b', 'North Anna', 38.0610881144193, -77.7884109090674),
      ('1d2bb078-fc18-587d-a9e3-8b6d6b275338', 'Oconee', 34.7971586283799, -82.9019599350815),
      ('32030487-5e02-50df-bb2c-f79d457487d6', 'Palo Verde', 33.3827757305395, -112.860551231923),
      ('15c1c019-f5e3-5609-8ec2-c3663cee4844', 'Perry', 41.795832553262, -81.1450094223665),
      ('870390a5-7589-5d19-823d-65f1b95ae646', 'Point Beach', 44.2810931296396, -87.5361828204138),
      ('c5abaf45-f8ca-5a82-865c-70a70811832a', 'Prairie Island', 44.6225114874704, -92.6406381719693),
      ('78723f3a-936d-5f7c-8c90-1d877939fbc0', 'Quad Cities', 41.7288789052988, -90.3080764139749),
      ('2068507c-d570-5a65-a701-058c1f8a5e67', 'River Bend', 30.7580206089592, -91.330842201326),
      ('78d0f356-4320-5a25-abd5-de2a8de505d5', 'Robinson', 34.4012606635196, -80.1589896803185),
      ('6a068aca-430d-5513-86d8-01aae6c30c5f', 'Saint Lucie', 27.3474552524881, -80.244391019174),
      ('8312d5c9-8368-56fd-9b69-5d4c6961ecb4', 'Salem', 39.4629406411997, -75.5352381936248),
      ('de28a88d-6481-5eba-a126-045202273ea2', 'Seabrook', 42.8990357430311, -70.8526611985313),
      ('d37c94ac-80c8-5bfe-b35a-cf3b4439b6a5', 'Sequoyah', 35.2268577704193, -85.0921000784412),
      ('6042fc55-d775-50d0-968e-e059e576d316', 'Shearon Harris', 35.6328457124786, -78.9537019189075),
      ('55680f6f-e4e7-56ea-8662-378bf8918714', 'South Texas', 28.7931688135532, -96.0428549902967),
      ('8aa2596c-63c3-596b-b160-985ea0579af8', 'Summer', 34.2980491021339, -81.3158213442884),
      ('e46882a6-6fd5-58ba-bdef-674d1c4298c7', 'Surry', 37.1657395548511, -76.6976833244425),
      ('d7e895b0-0ebf-50d4-9ac5-e1976c03a369', 'Susquehanna', 41.0897081693788, -76.1452329310801),
      ('0afb588f-8956-58f3-af1d-726dd3cda4d0', 'Turkey Point', 25.4346784456658, -80.3309753022502),
      ('2abe961d-72af-5ccc-81fa-ebd6384bcdb9', 'Vogtle', 33.1374409884791, -81.7690275543949),
      ('b586e344-d16f-5583-ab88-83f5777c3c13', 'Waterford', 29.9962765209557, -90.4713699444411),
      ('4a8b1912-2dfc-517d-8f29-5a6ae6c234e2', 'Watts Bar', 35.6017582118282, -84.7909730172495),
      ('e0aaed6b-71ed-5907-8ec0-2b1f15d0d14d', 'Wolf Creek', 38.239233412977, -95.6894051594717),
      ('864bfb76-26d6-5e58-8493-4f0dab95de9e', 'Mescalero Apache', 33.176135, -105.583242),
      ('04b6306c-7668-540e-ac09-8163a503fbe0', 'Grant County', 46.357827, -101.639049),
      ('faa218b8-3dee-52a4-a577-a5b893639aac', 'Chickasaw', 34.470296, -97.234126),
      ('2ebeb62c-8a98-54d3-a002-b5a6900273de', 'Fremont County', 43.054831, -108.608935),
      ('5edd93cf-1310-5bd3-9e9a-ff88c05c0e13', 'Prairie Island Ind Comm', 44.635307, -92.656503),
      ('4a23af20-2ba4-5980-ad05-fd1fcf40b0c2', 'Sac and Fox', 40.009482, -95.513078),
      ('7c096394-d13a-5dbf-a076-0a7cebe0dfe4', 'Yakama', 46.268306, -120.754434),
      ('71ad8919-50fb-5f04-aba6-d3e22a58b967', 'Skull Valley', 40.4121320031742, -112.795114507571),
      ('b7b7d4ff-a888-5a3b-b89d-b559ecd981ea', 'Eastern Shawnee', 36.849605, -94.689084),
      ('f0d6aada-0124-5c54-87d2-56600cc6631a', 'San Juan County', 37.602633, -109.791574),
      ('1db4c52d-a280-5bdd-9eed-8a5d3989833c', 'Ponca', 36.588223, -97.097751),
      ('0b23f2e9-a74a-514f-858b-30eac2213d36', 'Fort McDermitt', 41.955742, -117.658418),
      ('a272712f-267c-597e-b7f3-c18ff96d15cb', 'Tonkawa', 36.678641, -97.352219),
      ('ded30097-1e9e-57c1-a717-9d3b2d7be2c5', 'Oak Ridge', 35.9315180112594, -84.3097846969816),
      ('9549cead-ac4c-59e2-acc8-28ceea9e049a', 'Phipps Bend', 36.463538009243, -82.8061498694743),
      ('eed7aa54-8f96-56a1-bee9-78654f20288a', 'Clinch River', 35.8901962811038, -84.3824831124733),
      ('ba84027a-cb1c-57d6-88c1-bc15b3478fc2', 'Paducah', 37.11189207, -88.80625152),
      ('2d7a96f8-4fae-5628-b3a7-9030d3934e59', 'Yellow Creek', 34.9609757537577, -88.2127083187595),
      ('4b8817be-a886-5fa9-a6e9-a9f318657697', 'Hartsville', 36.3501706934443, -86.0833333037254),
      ('d5858add-120a-5742-8389-a08ad6197159', 'Barton', 32.450017880916, -86.23999911574),
      ('490e0163-ad0c-5a07-9aaa-67bf774baf00', 'Cherokee', 35.0365, -81.5112),
      ('26b3c7b2-678e-5787-bdf6-484092c664c3', 'Savannah River', 33.246, -81.668),
      ('66a7fd6f-b408-525a-a78e-228e5cfa474e', 'Barnwell', 33.2455284815703, -81.4689879720916),
      ('48d9884b-9d2c-56cd-b69e-dc8406df9671', 'Perkins', 35.8500141406715, -80.4499979737118),
      ('5e94db2a-db31-576c-9b09-172a8f5cb60c', 'ISP Andrews', 32.4531202447545, -103.058683603227),
      ('1155127a-ce59-5096-876d-254393ef521f', 'Holtec Lea', 32.5691113332966, -103.70888639361),
      ('443b43d5-7e5d-57e4-a431-29ec1a010f29', 'Yucca Mountain', 36.8286310435683, -116.436345204683),
      ('77fcb5da-4445-5a2d-9901-59e5ea44a38c', 'Deaf Smith', 35.1011063290308, -102.472292650122),
      ('47c0d8aa-c5a8-5b53-9c92-3ca8ebb4dc32', 'Hanford', 46.5513780749047, -119.489534180742),
      ('6e2432a5-2843-5cdb-9492-87c43475cf8b', 'Richton Dome', 31.386204040306, -88.9810329674146),
      ('e7c2ad77-f6ea-53fa-95c3-3ca7c8f477d1', 'Davis Canyon', 38.1375730789994, -109.732467381676),
      ('ede467f7-83c5-5210-a2a8-b321dd983212', 'Vacherie', 32.4558030684811, -93.1893922969777),
      ('7b5e0b72-5ec2-5841-b352-77725de5dbc2', 'Lavender', 38.0493965617955, -109.596363737274),
      ('c61fa4c5-50ff-53e8-b178-e2ba6e6a3b2e', 'Cypress Creek', 31.1302640734724, -89.0113103612358),
      ('ff15ee0c-89fa-5bf6-81ee-0ad817fe52d7', 'Swisher', 34.6542455955897, -101.64127388631),
      ('48afa952-c5fd-5d09-8a51-1b24e06d61d3', 'WIPP', 32.3715174993564, -103.793492205082),
      ('f5a6a51d-b6c3-56d1-af12-bdd5da0b5863', 'Lyons', 38.3742118716885, -98.2282341934068),
      ('ceb10645-776b-591f-aab3-6d55b50fe54d', 'Plant 7 (Hex Reduction Plant)', 39.2960701360156, -84.692487620657),
      ('03c9f175-bf0d-54df-a4ca-7163fb032c59', 'Metropolis Conversion Facility', 37.1715223896039, -88.7548955658085),
      ('4cd0e34d-1566-58a3-a6e1-2df88595b1b1', 'Sequoyah Facility', 35.5023142220634, -95.083024978554),
      ('8a2fe297-6983-5bba-8fd3-be2e20d686b0', 'Richland Fuel Fabrication Plant (Framatome)', 46.3495322307242, -119.301937006221),
      ('2bcf8de9-2640-52df-bafb-81287f7ff04c', 'Weldon Spring Site', 38.6981890289079, -90.7279631801688),
      ('ab363a4a-827f-5f68-9d39-86a59fafa1ed', 'BWX Technology (BWXT) Fuel Facility', 37.4115775228687, -79.052393640416),
      ('c1f4f84a-4aec-5a4a-95ed-d6ec99e075b3', 'Apollo', 40.5865652459979, -79.5675142631982),
      ('c1d974fc-2979-5f72-89eb-cc55db2fd877', 'Columbia Fuel Fabrication Facility', 33.8827583067497, -80.9195055817645),
      ('0e611622-d9a1-5d6d-98a9-b6702959cfa2', 'Fuel Fabrication Facility Attleboro', 41.9428303163462, -71.2350844032864),
      ('c7c6d7d1-6dec-52e7-8c9d-3746396cbbe2', 'HALEU Demonstration Plant (Piketon/Portsmouth)', 39.0130986440477, -83.0008365171091),
      ('c26a2bb4-37c5-59f2-839e-61a39861ed0e', 'Hematite (ABB-CE)', 38.2087840284415, -90.4756750718826),
      ('8a5fd139-4f62-59d2-8b71-2872630d16a7', 'LANL TA-21', 37.4078532995627, -79.2135434605818),
      ('32780b5e-b120-5173-8464-95caeacf94f8', 'RMI Extrusion Plant', 41.889, -80.777),
      ('80b8dd21-e54e-5c42-9afb-ed8c658300a6', 'Uranium Fuel Fabrication Plant', 42.6903310796901, -73.8031683239106),
      ('d8825cdb-aa55-5d6c-a9d2-e1974eb6865c', 'Uranium Fuel Fabrication Plant - San Jose', 37.3035546076287, -121.866931613626),
      ('3cca0fbf-a104-51ed-b7de-9d78aed66e00', 'Wilmington Facility', 34.3217402630441, -77.9232597065936),
      ('e522737e-f5c8-58e1-a423-ccd1e1ee034b', 'B212 Plutonium Glovebox', 41.713060402777, -87.9799495981533),
      ('d12874bb-df1d-595f-804f-2d67d328c657', 'Nuclear Fuel Services', 36.1301709925516, -82.4326565807394),
      ('21a5c721-4aea-5f50-9fb6-34ba22146271', 'Nuclear Material Development Facility', 34.2380196862247, -118.673534286914),
      ('0831656d-cf89-50c1-9470-7271522dfd44', 'Fluorine Extraction Process and Depleted Uranium Deconversion Plant (FEP/DUP)', 32.7001561043869, -103.34803053444),
      ('b98e39d0-aa8c-5b75-b5e0-a2864e3b68b0', 'GE Morris', 41.3811150363516, -88.2769685323135),
      ('9c4ea34b-8c54-59ed-8727-9d2a56da5842', 'H-Canyon', 33.289139866821, -81.6414066252702),
      ('7bdfa0f1-3db1-5aa6-872a-0bc91fb9c610', 'Special Metallurgical Facility (Mound Laboratory)', 39.6276633629282, -84.2827640404945),
      ('bc46c081-69df-53e1-b6c2-2b31ed54c9af', 'West Valley', 42.4497175433127, -78.6559727066698),
      ('49fa2cf3-659d-567f-a411-a6296a788a7b', 'Claiborne Enrichment Center', 32.8450660361503, -92.9748439295888),
      ('9ad4a0d1-fe43-58d6-9522-ded0da7de7ac', 'Eagle Rock Enrichment Facility', 43.5596406950125, -112.43829922346),
      ('eedca50a-4cea-5b24-9ed8-cef7285e99e6', 'National Enrichment Facility (Urenco USA)', 32.4336928832084, -103.07943358766),
      ('63b8f809-34e5-59fb-b29c-8724abb599f5', 'Salt Lake City', 40.687344, -112.509948),
      ('f89e16ab-de0b-5448-bb4e-f701791843ae', 'Marquez-Juan Tafoya', 35.2790875574583, -107.465236038142),
      ('2f3f2ce6-455e-5b2d-9408-f15ec45f0cd1', 'Rhone Poulenc, Inc.', 28.992595496239, -95.3600281945619),
      ('d2491ee4-1480-5192-9ae3-eda5a81e92f2', 'Ambrosia Lake', 35.4199837329605, -107.82955864207),
      ('55d17b76-cc19-5a1c-a638-da31c6765f36', 'Bear Creek', 43.2721936961392, -105.612771515539),
      ('dc49cfb7-5938-5f9a-92b3-00db53621de4', 'Bluewater', 35.2640209415655, -107.944517841712),
      ('dee4cd94-ad2b-593e-b696-bd1fb7655437', 'Canon City', 38.3999381079815, -105.232808359544),
      ('6d8f4787-069c-5967-b7df-f0ece5eff186', 'Church Rock', 35.6475384222834, -108.50137604277),
      ('f3f2c295-5415-50fe-b675-bb2a56f92eaf', 'Dawn', 47.87617686, -118.10617378),
      ('72e7ce52-9bcb-53dd-a5c5-b60217580806', 'Durita', 38.1970054564225, -108.617979175179),
      ('8d68d16d-fad1-57b3-a1d5-03d4232e5c87', 'Edgemont', 43.273532, -103.794221),
      ('d1407684-1631-52ce-9cbf-7daf6948a586', 'Falls City', 28.90537002, -98.13226836),
      ('66db1d61-5140-5f3a-8b9d-70f3a24f0bc5', 'Falls City Conquista', 28.9006445794638, -98.1088203425886),
      ('985286cb-af8b-542a-80fd-e06f9484f05c', 'Gas Hills / American Nuclear', 42.8311679946468, -107.572498064341),
      ('62337dc0-0962-55bd-a48b-93c34fc4801b', 'Gas Hills / Umetco', 42.8057062188137, -107.500571329539),
      ('eb26e515-5d2b-5cc4-9365-8bbd78c38a65', 'Grand Junction / Climax', 39.0554941193104, -108.552691332734),
      ('0496e795-9620-5db8-9175-2440c99d386d', 'Grants', 35.2394174901438, -107.859835625131),
      ('5515fd8f-b06a-590c-8686-fe96d8a08c0a', 'Green River', 38.97815799, -110.13673786),
      ('14576385-7983-5730-a908-a93fe5265956', 'Highland', 43.0616885719382, -105.51020756887),
      ('7b0e08e7-a9d4-5ca7-99fe-f3cb8a215d21', 'Lakeview', 42.2093212210004, -120.369043572988),
      ('2fb871f4-e59a-52b3-9ad7-8ecdfb47581e', 'L-Bar', 35.1788957046655, -107.324341103985),
      ('89c0ec19-9ec6-5626-8125-b96aae036306', 'Lisbon', 38.2651205999416, -109.282608564459),
      ('f4a45fad-fd52-516c-a0fd-c423dc63120b', 'Lucky Mc (Pathfinder)', 42.8200792427415, -107.611208278191),
      ('3bdd518b-2ec0-5108-a0d4-0d2737ade132', 'Maybell', 40.543853, -107.992859),
      ('e8e95015-facc-52b5-ab18-45f46b7c5914', 'Mexican Hat', 37.133601, -109.874538),
      ('ff8683c7-5ac4-5d93-ba56-4c2624fef5e0', 'Moab', 38.6048041945313, -109.5901740259),
      ('e2134c5c-97de-56dd-addb-5e4b2cfa247a', 'Naturita', 38.2402304880202, -108.610754839094),
      ('17676019-940e-59e2-bb32-4887615aa3c0', 'Panna Maria', 28.9589568295089, -97.9444445891191),
      ('a41e8700-4197-5cf1-a614-9bb5b2613cb2', 'Pinon Ridge Mill', 38.2498201878486, -108.766533841777),
      ('4afbb162-4b24-52ff-b9e6-0a0d95db3446', 'Rifle', 39.533244, -107.783299),
      ('211d1cca-ec17-5137-8e6f-3fd44bfb5867', 'Riverton', 42.997672, -108.410318),
      ('b3f93f96-5200-53f7-8248-8e85f7a18560', 'Shiprock', 36.770008, -108.684286),
      ('ed1b5c43-fc9c-5a5f-aa70-a35d5bf60457', 'Shirley Basin / Pathfinder', 42.3651309584385, -106.171616577002),
      ('d98cb156-5bba-5880-aeb2-1d2bc967d8f1', 'Shootaring Canyon', 37.7133014324784, -110.6904782558),
      ('9ff4d508-c2bc-5ceb-af71-93b9047e1f3a', 'Slick Rock', 38.0459421155893, -108.907518637859),
      ('ff40c78a-d4d9-5ea6-9219-695b70c5fc54', 'Split Rock', 42.507868, -107.797189),
      ('68d6d667-344c-5b08-87ba-2e7cf598fffa', 'Sweetwater', 42.0519868413195, -107.911378225733),
      ('87ca716c-4826-5f68-adb0-6e1242787756', 'Three Rivers / Ray Point', 28.5169233161463, -98.1037228001841),
      ('6e15b300-442c-5404-8842-b3a66e4a9188', 'Tuba City', 36.145477, -111.134782),
      ('0dbb53b5-e6b1-5139-b562-ba0f4109d31d', 'Uravan / Nucla', 38.3607617303089, -108.754414425901),
      ('08596722-2397-51a2-9b26-20e1ac5177b0', 'Wellpinit / Sherwood', 47.876408628701, -118.105035529765),
      ('7f679bfc-790f-5d09-94e0-e57b68866f3f', 'White Mesa Mill', 37.5353337562363, -109.502449980381),
      ('57cc38e5-a986-53b5-bfdf-8c1ae20f4f3e', 'Christensen Ranch', 43.804167, -106.035278),
      ('4bb79c6d-8461-51d2-aa57-8444afb836aa', 'Irigaray', 43.8884842733831, -106.128600085568),
      ('7e134430-4da9-5413-b3e4-d9f55046a1e8', 'Goliad Uranium Project', 28.8671640131612, -97.3529871527612),
      ('45a89702-648a-5daa-a9e8-607792c330ae', 'Hobson', 28.9452222958619, -97.988367975157),
      ('aaf3554d-f9e0-553f-9b19-504f1577c8e0', 'La Palangana', 27.6730200775117, -98.3945629281916),
      ('2e706f02-5ffc-507c-9c4e-43f360361618', 'Moore Ranch', 43.5759303856465, -105.831549057833),
      ('e7da6002-77fa-5d04-a163-5c7bfba49e85', 'Reno Creek', 43.6430855381117, -105.688391338571),
      ('23e883af-78bd-5fd3-9aff-2bfc08602b88', 'Alta Mesa', 26.9024249002422, -98.3146758575955),
      ('ed131a96-05b4-5dc1-8dde-7f54616203e5', 'Bruni', 27.4254332988935, -98.7836536482155),
      ('dab43a2d-4206-5f44-8f55-217a799fe2c6', 'Burns', 28.2530785292925, -98.1938631625104),
      ('79636403-902d-5221-ac90-f50ee8a2538a', 'Clay West', 28.2146625706649, -98.2456163914395),
      ('e89bb182-18b7-53eb-aa6e-710127962355', 'Crow Butte', 42.645560454898, -103.356490359276),
      ('6610a9ca-a05b-5fc6-b93f-a3b6045bb2c6', 'Dewey Burdock', 43.4585814438973, -104.030509841769),
      ('c9de6116-baf3-520e-9417-29c569d2855c', 'Gruy Ranch (Satellite)', 27.3579854186481, -98.7343973754471),
      ('85163fef-63af-56ab-960e-745dbcf3ff27', 'Holiday / El Mesquite', 27.4175024789051, -98.7560217924492),
      ('6c15f267-cff5-54ad-938f-560bfcab1658', 'JAB and Antelope', 42.2259642970388, -108.003950499657),
      ('3f6e9970-5a3e-5216-9ff5-8b752651c590', 'Kingsville Dome', 27.4151532839583, -97.7800645249664),
      ('49a91216-2c06-55c1-8c24-80ba445a9195', 'Lamprecht', 28.5007236075205, -98.0564457178661),
      ('9a766d31-988f-594a-870e-181e9a65437b', 'Lance', 44.5767989666384, -104.938912561814),
      ('321941e3-a842-5e01-9edb-a97c233df6fd', 'Las Palmas', 27.3753, -98.6253),
      ('cca6d6d7-e99c-5e1a-ad6c-f348eb6f6fdc', 'Lost Creek', 42.1375339774915, -107.860963743929),
      ('6a862abb-e493-5c0b-a77a-c3bc664d6d8c', 'McBryde / McBride', 27.3285438739191, -98.6758407282751),
      ('35f80a5b-e238-5e83-b65b-699b36e5b135', 'Mt. Lucas', 28.1875131236676, -97.947125041507),
      ('616b5a08-1191-5ec9-8d22-0604fe847d4f', 'Nichols Ranch ISL Project', 43.6978091194075, -106.022315524227),
      ('e48a0f5b-6bd9-5a4a-b69e-be203600575f', 'Palangana', 27.68333, -98.375),
      ('457558c7-3703-5f06-b4ed-8e6c1a7e50e8', 'Rosita', 27.8040254092317, -98.4603577993083),
      ('48125369-8ec7-5176-ac1c-e4b66f8a036b', 'Ross', 44.5742601808478, -104.936097443497),
      ('260795e8-ec43-5a76-ba48-bd42b3560ab0', 'Smith Ranch-Highland', 43.0538066902252, -105.684793944627),
      ('85d613f1-ee95-5a58-ad80-a8a50107481d', 'Trevino', 27.4213186668536, -98.6911280991088),
      ('c87b28a3-1294-5c96-a8d5-467be1ea86fd', 'Vasquez', 31.968333, -99.901667),
      ('5a6df2c0-cb29-50ef-a56e-e8ce710683c7', 'West Cole', 27.4524135123869, -98.8372797188883),
      ('5773647e-4695-54fe-aaef-30ff44ba643c', 'Zamzow', 28.4972333891075, -98.0634212498262),
      ('0a03a8d5-1316-53bc-8848-47d913ddc196', 'Hansen', 38.5013055688472, -105.467956311956),
      ('bcef4e9f-52c7-5b5a-be4c-9146cae13c3a', 'Spook', 43.238845, -105.622513),
      ('3f5ca391-d7b6-5864-8d1c-7547259d4026', 'Bartow Module', 27.8323757718918, -82.0518538421489),
      ('21538292-951d-51e9-b5f4-21b8ce3b9b92', 'Faustina (Agrico)', 30.0833211201997, -90.9151612050604),
      ('a76ea5d6-058c-523c-885e-c67bfd6c8031', 'New Wales Plant', 27.8328690753266, -82.0541099125217),
      ('fe024d58-2d6d-59bb-a08a-c0272654ab63', 'Uncle Sam', 30.0393255798123, -90.8305746853329)
    on conflict (id) do update
      set site_name  = excluded.site_name,
          latitude   = excluded.latitude,
          longitude  = excluded.longitude;

    -- -----------------------------------------------------------------------
    -- facilities
    -- -----------------------------------------------------------------------
    insert into facilities (
      id, site_id, facility_name, facility_type, facility_status,
      start_operation, end_operation, capacity, capacity_unit
    ) values
      ('2379958d-7a69-5eb8-bff0-0630d87b0eb0', 'b9688ab6-8c24-5bc5-ad31-c30c113a0cde', 'GE VALLECITOS', 'reactor', 'shutdown', '1957-08-03', '1963-12-09', 24.0, 'MWe'),
      ('5e4ffab4-bb90-52f5-97e0-d81c9fb0821f', '600fda3e-3f56-5b2c-9924-37170b20abec', 'HALLAM', 'reactor', 'shutdown', '1963-01-01', '1964-09-01', 75.0, 'MWe'),
      ('24c9d2ad-6080-5f95-b9c3-cc7f6419f71c', 'c47e9990-de63-598b-bdd9-5048a4f813db', 'PIQUA', 'reactor', 'shutdown', '1961-01-01', '1966-01-01', 12.0, 'MWe'),
      ('6a7d0fad-dbbe-5638-b93c-fca4cf47cfc4', '8a7c47c0-cdc3-503b-b13c-233b55a9c7b4', 'CAROLINAS-VIRGINIA TUBE REACTOR', 'reactor', 'shutdown', '1963-03-01', '1967-01-10', 17.0, 'MWe'),
      ('84c3bc55-dd21-53d2-a161-c7b54f93d0d1', '914a70f8-0a9d-5ca9-b911-ea4a62961d54', 'PATHFINDER', 'reactor', 'shutdown', '1964-01-01', '1967-10-01', 59.0, 'MWe'),
      ('f67b52cc-9323-5a32-b558-6c316141ddff', 'e1199e96-b717-54b7-8d5d-e0e5a4afc43d', 'ELK RIVER', 'reactor', 'shutdown', '1962-11-01', '1968-02-01', 22.0, 'MWe'),
      ('3ca509b4-cfb2-5779-afe3-095fcbac3924', '1b945e55-0663-55bf-81cb-e4d02ab30207', 'BONUS', 'reactor', 'shutdown', '1964-04-13', '1968-06-01', 17.0, 'MWe'),
      ('08b423d8-048f-5a40-9f27-1fe451b6f698', '2e0ab531-148d-526d-913b-9002ae259dc7', 'CRYSTAL RIVER-3', 'reactor', 'shutdown', '1964-04-13', '1968-06-01', 860.0, 'MWe'),
      ('c2922f07-5b63-53d1-bf05-54687eb2f9d3', 'd316f712-e83a-563d-a256-960b2e0e6880', 'SAXTON', 'reactor', 'shutdown', '1967-01-01', '1972-05-01', 3.0, 'MWe'),
      ('91fa86f9-195a-54bd-8ac4-cae94934b48d', '5c4a42f9-0329-58e9-8c6a-7ee98c9e8e1e', 'FERMI-1', 'reactor', 'shutdown', '1963-08-23', '1972-11-29', 61.0, 'MWe'),
      ('5cc3da28-8437-5831-af8f-c5bd5dc2d6c2', 'ed265917-ee3e-5e8d-a987-9b2777be415d', 'INDIAN POINT-1', 'reactor', 'shutdown', '1962-08-02', '1974-10-31', 257.0, 'MWe'),
      ('097c05ad-e9ce-5f93-91a8-56d5611ece01', 'cd756780-3299-5ed8-a1cf-ddb8b5d50dcc', 'PEACH BOTTOM-1', 'reactor', 'shutdown', '1966-03-03', '1974-11-01', 40.0, 'MWe'),
      ('0928c9c9-79e1-5dda-8dbc-401afa9734a6', 'd049d07b-d976-5386-9666-21df587e60a8', 'HUMBOLDT BAY', 'reactor', 'shutdown', '1963-02-16', '1976-07-02', 63.0, 'MWe'),
      ('a88d5bee-d673-51bd-92d0-d03d88bedb9d', '4c47dbc9-303e-56d2-a779-57889882bcb8', 'DRESDEN 1', 'reactor', 'shutdown', '1959-10-15', '1978-10-31', 197.0, 'MWe'),
      ('249c1b56-9086-508a-b9d7-49e90c64cc20', 'd97071ad-151f-5b8d-9c27-ba715484a0eb', 'THREE MILE ISLAND-2', 'reactor', 'shutdown', '1978-03-27', '1979-03-28', 880.0, 'MWe'),
      ('3698f5d9-bbc9-5240-a4f3-5f695207b11d', '02bdddba-4433-56ff-af5b-8bf7f88b60b0', 'SHIPPINGPORT', 'reactor', 'shutdown', '1957-01-01', '1982-10-01', 60.0, 'MWe'),
      ('9a823600-856a-556a-8b71-9a990c55daa4', '5825bfe1-12c1-5924-bb5e-0366cd43e19d', 'LACROSSE', 'reactor', 'shutdown', '1967-07-11', '1987-04-30', 48.0, 'MWe'),
      ('f63d55d9-ba77-5b53-a80d-7ae2ce4e5ff5', 'ab04a121-5ebd-5ebc-b491-7f993cbb3194', 'RANCHO SECO-1', 'reactor', 'shutdown', '1974-09-16', '1989-06-07', 873.0, 'MWe'),
      ('0740e18b-3481-5b09-98ea-1dba91d82bcc', 'd268db76-366f-5ac7-b19a-5048618b9cd1', 'SHOREHAM', 'reactor', 'shutdown', '1985-02-15', '1989-06-28', 820.0, 'MWe'),
      ('3aa53ab5-a1eb-5cb4-a3d2-86c22f539188', '968a9acb-51fa-5fd4-875d-70df4eb8704d', 'FORT ST. VRAIN', 'reactor', 'shutdown', '1974-01-31', '1989-08-29', 330.0, 'MWe'),
      ('67058bc0-48a5-531d-bf90-35663d16a1fa', '139a51bb-a9c2-5efc-b1dc-f0b4baaed968', 'YANKEE NPS', 'reactor', 'shutdown', '1960-08-19', '1991-10-01', 167.0, 'MWe'),
      ('043532ba-c810-56cb-94ce-b05a065a75c7', '667cda89-6663-52d8-bc65-46ebbe9fd0bb', 'TROJAN', 'reactor', 'shutdown', '1975-12-15', '1992-11-09', 1095.0, 'MWe'),
      ('923f6f60-18c3-59fe-afe0-0e51fb519f50', 'd211b2d3-57b7-53cb-84d4-9d135bbe402d', 'SAN ONOFRE-1', 'reactor', 'shutdown', '1967-06-14', '1992-11-30', 436.0, 'MWe'),
      ('ad2191ca-d5dc-50ff-b82c-fc696f3ac4b3', 'efef04a3-892d-5c8d-9fe6-710e4e55a98a', 'HADDAM NECK', 'reactor', 'shutdown', '1967-07-24', '1996-12-05', 560.0, 'MWe'),
      ('c5430f78-feb9-57b0-89c2-d179fcad73a3', 'bbc1c97d-692c-522d-aea7-ce231baaea37', 'MAINE YANKEE', 'reactor', 'shutdown', '1972-10-23', '1997-08-01', 860.0, 'MWe'),
      ('4487e2ce-08f3-5fb6-9d2f-c28eef3bad10', '7200f108-e474-50f9-93cd-d3998517ab53', 'BIG ROCK POINT', 'reactor', 'shutdown', '1962-09-27', '1997-08-29', 67.0, 'MWe'),
      ('1c077c7a-f0bc-5d24-b0bc-59edca0304ab', '7a0eab75-b107-541d-b617-c5738e560394', 'ZION-1', 'reactor', 'shutdown', '1973-06-19', '1998-02-13', 1040.0, 'MWe'),
      ('674d124c-67b9-5bf4-b053-f3fe1bab2907', '7a0eab75-b107-541d-b617-c5738e560394', 'ZION-2', 'reactor', 'shutdown', '1973-12-24', '1998-02-13', 1040.0, 'MWe'),
      ('ca5df41f-76f1-5b27-a440-bae7cfaf6fcb', '87631e3f-4a0c-580e-888e-ad347e4b9041', 'MILLSTONE-1', 'reactor', 'shutdown', '1970-10-26', '1998-07-01', 641.0, 'MWe'),
      ('fed933e0-00f6-5014-930e-d255c3b8b80d', 'e9698fdd-d33b-5e7b-9cf6-a4d63dd8b3bc', 'KEWAUNEE', 'reactor', 'shutdown', '1974-03-07', '2013-05-07', 566.0, 'MWe'),
      ('99473c16-2c67-5ce6-8dde-a1700eff567e', 'd211b2d3-57b7-53cb-84d4-9d135bbe402d', 'SAN ONOFRE-2', 'reactor', 'shutdown', '1982-07-26', '2013-06-07', 1070.0, 'MWe'),
      ('d20ad238-c7fb-54b0-96f3-4b1359071488', 'd211b2d3-57b7-53cb-84d4-9d135bbe402d', 'SAN ONOFRE-3', 'reactor', 'shutdown', '1983-08-29', '2013-06-07', 1080.0, 'MWe'),
      ('76b7d5d3-a0f8-534d-b73c-e2f43e3084cd', '9df24fe6-0913-5f5e-aa34-af5a9986dd49', 'VERMONT YANKEE', 'reactor', 'shutdown', '1972-03-24', '2014-12-29', 605.0, 'MWe'),
      ('3babb226-3952-5c62-8147-b41314996ffe', '09bf48fe-e76e-5d4b-8aba-38b244d43e00', 'FORT CALHOUN-1', 'reactor', 'shutdown', '1973-08-06', '2016-10-24', 482.0, 'MWe'),
      ('1a48c0a9-9950-5b41-beba-31e3e13cfa45', 'eab8b4cd-6797-5bea-9b1c-f4ab993cc62c', 'OYSTER CREEK', 'reactor', 'shutdown', '1969-05-03', '2018-09-17', 619.0, 'MWe'),
      ('307395ee-0c64-5a12-abbe-57184fd5770d', 'd2c01b24-11de-5db7-8dab-98c29517432a', 'PILGRIM-1', 'reactor', 'shutdown', '1972-06-16', '2019-05-31', 677.0, 'MWe'),
      ('1e0a7a23-49aa-5450-8bdd-b0b8242c74d7', 'd97071ad-151f-5b8d-9c27-ba715484a0eb', 'THREE MILE ISLAND-1', 'reactor', 'shutdown', '1974-06-05', '2019-09-20', 819.0, 'MWe'),
      ('f689b188-1644-5ec8-956b-9e6eba05db2a', 'ed265917-ee3e-5e8d-a987-9b2777be415d', 'INDIAN POINT-2', 'reactor', 'shutdown', '1973-05-22', '2020-04-30', 998.0, 'MWe'),
      ('35b2173c-817a-5e49-9203-e704a2f805cd', 'b507eeb0-0d81-503a-864f-237edef59520', 'DUANE ARNOLD-1', 'reactor', 'shutdown', '1974-03-23', '2020-10-12', 601.0, 'MWe'),
      ('3a3a1a24-8094-58b8-b90e-1b969f75d243', 'ed265917-ee3e-5e8d-a987-9b2777be415d', 'INDIAN POINT-3', 'reactor', 'shutdown', '1976-04-04', '2021-04-28', 1030.0, 'MWe'),
      ('45ef7c0b-7664-57a9-b4aa-bce8fff6318e', 'd5528528-2437-531c-bde9-ac98fed7ff0f', 'PALISADES', 'reactor', 'shutdown', '1971-05-22', '2022-05-20', 805.0, 'MWe'),
      ('ee946603-cf59-5204-b337-9052443ffd90', '66e135ae-8bc2-5e3d-9127-0751cc67147f', 'BROWNS FERRY-3*', 'reactor', 'shutdown', '1976-08-08', '2036-07-01', 1210.0, 'MWe'),
      ('91122f42-1066-5320-95d0-d66e58974da0', '29b7d450-0a9c-5f79-931f-b7f2949fc682', 'ARKANSAS NUCLEAR-1', 'reactor', 'shutdown', '1974-08-06', '2050-01-01', 836.0, 'MWe'),
      ('231eda78-559a-58f8-a88a-d47c3c510225', '29b7d450-0a9c-5f79-931f-b7f2949fc682', 'ARKANSAS NUCLEAR-2', 'reactor', 'shutdown', '1978-12-05', '2050-01-01', 988.0, 'MWe'),
      ('89bd5555-fd50-52de-86a0-6d36f4070c10', '02bdddba-4433-56ff-af5b-8bf7f88b60b0', 'BEAVER VALLEY-1', 'reactor', 'shutdown', '1976-05-10', '2050-01-01', 908.0, 'MWe'),
      ('d447db3d-6d13-5736-9fba-f91b62aeb314', '02bdddba-4433-56ff-af5b-8bf7f88b60b0', 'BEAVER VALLEY-2', 'reactor', 'shutdown', '1988-03-08', '2050-01-01', 905.0, 'MWe'),
      ('6127e32b-3521-5fb7-ba43-e5dee0021e93', '53d890e5-db00-577d-9fad-e34e26ccfb7f', 'BRAIDWOOD-1', 'reactor', 'shutdown', '1987-05-29', '2050-01-01', 1194.0, 'MWe'),
      ('c39a79e2-58e9-5ac1-ac61-0de04a109a74', '53d890e5-db00-577d-9fad-e34e26ccfb7f', 'BRAIDWOOD-2', 'reactor', 'shutdown', '1988-03-08', '2050-01-01', 1160.0, 'MWe'),
      ('c94d1361-7ff9-5d9f-a2de-6b224a541983', '66e135ae-8bc2-5e3d-9127-0751cc67147f', 'BROWNS FERRY-1*', 'reactor', 'shutdown', '1973-08-17', '2050-01-01', 1200.0, 'MWe'),
      ('f23d0678-e77e-5905-9bcc-777a0c0a3a3d', '66e135ae-8bc2-5e3d-9127-0751cc67147f', 'BROWNS FERRY-2*', 'reactor', 'shutdown', '1974-07-20', '2050-01-01', 1200.0, 'MWe'),
      ('93511798-1696-563d-8957-d6a9546a66f5', 'd680c4b2-afd8-53fe-ac07-f5ad940dc3a6', 'BRUNSWICK-1', 'reactor', 'shutdown', '1976-10-08', '2050-01-01', 938.0, 'MWe'),
      ('9a420f7d-c71d-5d8f-9932-b87f3b2c2f52', 'd680c4b2-afd8-53fe-ac07-f5ad940dc3a6', 'BRUNSWICK-2', 'reactor', 'shutdown', '1975-03-20', '2050-01-01', 932.0, 'MWe'),
      ('2fe4a12a-09f6-5874-a7d5-b6d0f48d5e85', '2ee81924-b6bb-58aa-8235-a3c92a18fddd', 'BYRON-1', 'reactor', 'shutdown', '1985-02-02', '2050-01-01', 1164.0, 'MWe'),
      ('f1d9eec8-e257-570f-b716-16b28fbb9be1', '2ee81924-b6bb-58aa-8235-a3c92a18fddd', 'BYRON-2', 'reactor', 'shutdown', '1987-01-09', '2050-01-01', 1136.0, 'MWe'),
      ('e2eea187-f6f3-5723-aa2f-b59c4ef81dd5', '044d6361-2d81-585f-b794-fba6d9f65d10', 'CALLAWAY-1', 'reactor', 'shutdown', '1984-10-02', '2050-01-01', 1215.0, 'MWe'),
      ('8687cc1f-852c-5576-8265-f258df1c9f06', '0d993bda-82a9-5beb-a1fe-471562449931', 'CALVERT CLIFFS-1', 'reactor', 'shutdown', '1974-10-07', '2050-01-01', 877.0, 'MWe'),
      ('75e9faaa-e03b-57a1-bc80-32f3d73b347c', '0d993bda-82a9-5beb-a1fe-471562449931', 'CALVERT CLIFFS-2', 'reactor', 'shutdown', '1976-11-30', '2050-01-01', 855.0, 'MWe'),
      ('d6f0ca0f-5d4a-59e5-b7eb-5867064929d2', '5045660d-b0eb-5710-b414-91e3dd5dc4a9', 'CATAWBA-1', 'reactor', 'shutdown', '1985-01-07', '2050-01-01', 1160.0, 'MWe'),
      ('9ae5e7df-befb-51e3-9ee2-ec039eb29063', '5045660d-b0eb-5710-b414-91e3dd5dc4a9', 'CATAWBA-2', 'reactor', 'shutdown', '1986-05-08', '2050-01-01', 1150.0, 'MWe'),
      ('fbd07438-9f43-5c91-bcd0-3f34fcc99229', 'f2ce6c7e-ad1e-5f8d-b59f-0da18c55d4e7', 'CLINTON-1', 'reactor', 'shutdown', '1987-02-27', '2050-01-01', 1062.0, 'MWe'),
      ('ea7c380f-20b6-5e58-84ad-5a72f8516328', '275feb33-b086-5bcc-82ba-7b8df2b24ba3', 'COLUMBIA', 'reactor', 'shutdown', '1984-01-19', '2050-01-01', 1131.0, 'MWe'),
      ('5316f90a-e6f3-5d7d-898f-cc6628f78861', '591ab96a-f34f-5707-a408-a1ec3e6c6e31', 'COMANCHE PEAK-1', 'reactor', 'shutdown', '1990-04-03', '2050-01-01', 1205.0, 'MWe'),
      ('400f0a38-2559-5909-b327-53b87c5dd29f', '591ab96a-f34f-5707-a408-a1ec3e6c6e31', 'COMANCHE PEAK-2', 'reactor', 'shutdown', '1993-03-24', '2050-01-01', 1195.0, 'MWe'),
      ('0d45c88b-ede1-589c-9e09-e3eec3073464', '3921aa17-9e16-5e14-abec-1164345f239b', 'COOPER', 'reactor', 'shutdown', '1974-02-21', '2050-01-01', 769.0, 'MWe'),
      ('f6272660-81a2-530b-a512-7aeb49167449', 'b560bd35-0d02-595a-8642-e1a237e0ea7c', 'D.C. COOK-1', 'reactor', 'shutdown', '1975-01-18', '2050-01-01', 1030.0, 'MWe'),
      ('a43eef68-4f5a-57f1-acad-630ccf438149', 'b560bd35-0d02-595a-8642-e1a237e0ea7c', 'D.C. COOK-2', 'reactor', 'shutdown', '1978-03-10', '2050-01-01', 1168.0, 'MWe'),
      ('c6dbc808-a53f-5601-ad74-20b58c733a44', '857779a9-266d-58de-bd86-0907ed1108f3', 'DAVIS-BESSE-1', 'reactor', 'shutdown', '1977-08-12', '2050-01-01', 894.0, 'MWe'),
      ('ee295cf3-12fe-5e5b-b856-79c00ea8bb98', '5fbc1d07-c0ff-5f33-92ae-8d5e70f07e0f', 'DIABLO CANYON-1', 'reactor', 'shutdown', '1984-04-29', '2050-01-01', 1138.0, 'MWe'),
      ('d43a5173-0d1c-5f6b-8f6f-5cdc28a6c03b', '5fbc1d07-c0ff-5f33-92ae-8d5e70f07e0f', 'DIABLO CANYON-2', 'reactor', 'shutdown', '1985-08-19', '2050-01-01', 1118.0, 'MWe'),
      ('83ea05df-0232-5e33-a0fe-2121233e6a47', '4c47dbc9-303e-56d2-a779-57889882bcb8', 'DRESDEN-2', 'reactor', 'shutdown', '1970-01-07', '2050-01-01', 894.0, 'MWe'),
      ('bb72b52d-751e-5516-a513-be22379da5b2', '4c47dbc9-303e-56d2-a779-57889882bcb8', 'DRESDEN-3', 'reactor', 'shutdown', '1971-01-12', '2050-01-01', 879.0, 'MWe'),
      ('9ec0365a-9590-5498-9ede-57115d5afe0f', 'd15b508a-000b-545a-9c2e-d99259e2f5f5', 'FARLEY-1', 'reactor', 'shutdown', '1977-08-09', '2050-01-01', 874.0, 'MWe'),
      ('cbfeab7b-0cfa-559a-9cef-0a1e6b691077', 'd15b508a-000b-545a-9c2e-d99259e2f5f5', 'FARLEY-2', 'reactor', 'shutdown', '1981-05-05', '2050-01-01', 883.0, 'MWe'),
      ('5f767f9e-bf35-5c8a-b2b7-988ebaa4ab00', '5c4a42f9-0329-58e9-8c6a-7ee98c9e8e1e', 'FERMI-2', 'reactor', 'shutdown', '1985-06-21', '2050-01-01', 1115.0, 'MWe'),
      ('474534d4-c60c-52ed-8fcf-255602f9403d', 'b1caafa3-7857-5354-93c9-3138ab8a6b4e', 'FITZPATRICK', 'reactor', 'shutdown', '1974-11-17', '2050-01-01', 813.0, 'MWe'),
      ('1b822d8c-e1c1-5b6f-b7e4-b9f51b40f29b', 'fb5c33c3-6a17-597b-9b5f-7391e10cff52', 'GINNA', 'reactor', 'shutdown', '1969-11-08', '2050-01-01', 560.0, 'MWe'),
      ('3c0cf238-af6c-54ad-85b8-82899d042b16', 'c3b07a33-9532-5a3c-8676-b117b3f511f6', 'GRAND GULF-1', 'reactor', 'shutdown', '1982-08-18', '2050-01-01', 1401.0, 'MWe'),
      ('1785dbfd-9924-5315-84af-aee877410fba', '49cdc706-4f2a-5598-b718-fb1d02a32a75', 'HATCH-1', 'reactor', 'shutdown', '1974-09-12', '2050-01-01', 876.0, 'MWe'),
      ('0e9e5b17-6cf2-5139-b1f3-b4bedc3ecc6f', '49cdc706-4f2a-5598-b718-fb1d02a32a75', 'HATCH-2', 'reactor', 'shutdown', '1978-07-04', '2050-01-01', 883.0, 'MWe'),
      ('0bdb80cf-5700-58d7-89af-8bf209cb5071', '7a813730-568d-5626-82a3-7f9c319067e3', 'HOPE CREEK-1', 'reactor', 'shutdown', '1986-06-28', '2050-01-01', 1172.0, 'MWe'),
      ('1f4361da-526b-55bb-b834-0a3dc7cbb755', '306b7acf-425c-55e0-830d-6920398c60a4', 'LA SALLE-1', 'reactor', 'shutdown', '1982-06-21', '2050-01-01', 1137.0, 'MWe'),
      ('20e1ef47-9c6d-533a-a137-50b79669bcae', '306b7acf-425c-55e0-830d-6920398c60a4', 'LA SALLE-2', 'reactor', 'shutdown', '1984-03-10', '2050-01-01', 1140.0, 'MWe'),
      ('da072171-12f6-55ce-a9cb-db8a979bb598', '3e725318-e769-5103-8b24-71cac08ebda7', 'LIMERICK-1', 'reactor', 'shutdown', '1984-12-22', '2050-01-01', 1134.0, 'MWe'),
      ('0d60ced4-3568-5ca6-ae75-022b79e96638', '3e725318-e769-5103-8b24-71cac08ebda7', 'LIMERICK-2', 'reactor', 'shutdown', '1989-08-12', '2050-01-01', 1134.0, 'MWe'),
      ('b1f3fc24-7377-50a9-bcaa-4b9f5918b3c6', '9a05991e-febc-5347-aa6d-a01094fe7b86', 'MCGUIRE-1', 'reactor', 'shutdown', '1981-08-08', '2050-01-01', 1158.0, 'MWe'),
      ('64418c06-fee6-5135-85f0-578f033f3aa5', '9a05991e-febc-5347-aa6d-a01094fe7b86', 'MCGUIRE-2', 'reactor', 'shutdown', '1983-05-08', '2050-01-01', 1158.0, 'MWe'),
      ('547a0afe-fe8b-5929-a888-46ab33a29b30', '25b25f27-5a2a-5c89-b20b-9a148f0aec2b', 'MILLSTONE-2', 'reactor', 'shutdown', '1975-10-17', '2050-01-01', 869.0, 'MWe'),
      ('ae8e32cd-32d0-5b4c-8a9e-5bebffb86e80', '25b25f27-5a2a-5c89-b20b-9a148f0aec2b', 'MILLSTONE-3', 'reactor', 'shutdown', '1975-10-17', '2050-01-01', 1210.0, 'MWe'),
      ('dcea09c1-1526-5a96-9ce7-752921fbc7ef', '7b74f7a8-81da-57d1-b1f5-22dfb2b26887', 'MONTICELLO', 'reactor', 'shutdown', '1970-12-10', '2050-01-01', 628.0, 'MWe'),
      ('8a3fedb5-5d50-5eae-b071-4907bd62cdd4', '988046bf-8bea-52d8-9c3f-79adc30f0085', 'NINE MILE POINT-1', 'reactor', 'shutdown', '1969-09-05', '2050-01-01', 613.0, 'MWe'),
      ('64afe66c-317d-529c-a60e-d9d07924b20f', '988046bf-8bea-52d8-9c3f-79adc30f0085', 'NINE MILE POINT-2', 'reactor', 'shutdown', '1987-05-23', '2050-01-01', 1277.0, 'MWe'),
      ('ea3ca6a2-ab2c-5343-ae1f-eb8744270e56', 'def7e32a-dd47-5a89-8eee-601e21bc2e3b', 'NORTH ANNA-1', 'reactor', 'shutdown', '1978-04-05', '2050-01-01', 948.0, 'MWe'),
      ('5b2131b3-1d25-590b-9828-58a73866882a', 'def7e32a-dd47-5a89-8eee-601e21bc2e3b', 'NORTH ANNA-2', 'reactor', 'shutdown', '1980-06-12', '2050-01-01', 944.0, 'MWe'),
      ('ce8f4bea-1d53-5fd6-8b6e-34851fe4af67', '1d2bb078-fc18-587d-a9e3-8b6d6b275338', 'OCONEE-1', 'reactor', 'shutdown', '1973-04-19', '2050-01-01', 847.0, 'MWe'),
      ('ae491efe-b835-5159-926e-4882eaac69e1', '1d2bb078-fc18-587d-a9e3-8b6d6b275338', 'OCONEE-2', 'reactor', 'shutdown', '1973-11-11', '2050-01-01', 848.0, 'MWe'),
      ('aec07f25-2f75-58bd-b622-481f4e4243c2', '1d2bb078-fc18-587d-a9e3-8b6d6b275338', 'OCONEE-3', 'reactor', 'shutdown', '1974-09-05', '2050-01-01', 859.0, 'MWe'),
      ('cc54ebf6-4d0d-54ea-9367-5100f3ebbbab', '32030487-5e02-50df-bb2c-f79d457487d6', 'PALO VERDE-1', 'reactor', 'shutdown', '1985-05-25', '2050-01-01', 1311.0, 'MWe'),
      ('920a14ac-313b-56ec-a35b-614c6e4d5f42', '32030487-5e02-50df-bb2c-f79d457487d6', 'PALO VERDE-2', 'reactor', 'shutdown', '1986-04-18', '2050-01-01', 1314.0, 'MWe'),
      ('a6c7d1f4-e211-5638-aa7c-d8fe1c089b9e', '32030487-5e02-50df-bb2c-f79d457487d6', 'PALO VERDE-3', 'reactor', 'shutdown', '1987-10-25', '2050-01-01', 1312.0, 'MWe'),
      ('f4feaf27-9ee0-5eea-93a0-707205266bef', 'cd756780-3299-5ed8-a1cf-ddb8b5d50dcc', 'PEACH BOTTOM-2', 'reactor', 'shutdown', '1973-09-16', '2050-01-01', 1300.0, 'MWe'),
      ('fc8c96dd-83db-54c2-84b0-1b6cf4e287d8', 'cd756780-3299-5ed8-a1cf-ddb8b5d50dcc', 'PEACH BOTTOM-3', 'reactor', 'shutdown', '1974-08-07', '2050-01-01', 1331.0, 'MWe'),
      ('699f0734-6e8d-5cdd-9a8f-9a56ce7d928f', '15c1c019-f5e3-5609-8ec2-c3663cee4844', 'PERRY-1', 'reactor', 'shutdown', '1986-06-06', '2050-01-01', 1240.0, 'MWe'),
      ('d787b405-747f-5d31-a0e7-339cc967584f', '870390a5-7589-5d19-823d-65f1b95ae646', 'POINT BEACH-1', 'reactor', 'shutdown', '1970-11-02', '2050-01-01', 591.0, 'MWe'),
      ('897a8ed5-4358-54a3-8224-b103ef3c85a5', '870390a5-7589-5d19-823d-65f1b95ae646', 'POINT BEACH-2', 'reactor', 'shutdown', '1972-05-30', '2050-01-01', 591.0, 'MWe'),
      ('0a814f21-afab-58a0-a7ae-50ede04d8550', 'c5abaf45-f8ca-5a82-865c-70a70811832a', 'PRAIRIE ISLAND-1', 'reactor', 'shutdown', '1973-12-01', '2050-01-01', 522.0, 'MWe'),
      ('b3e123a6-c022-5248-b340-006128157d2e', 'c5abaf45-f8ca-5a82-865c-70a70811832a', 'PRAIRIE ISLAND-2', 'reactor', 'shutdown', '1974-12-17', '2050-01-01', 519.0, 'MWe'),
      ('53813fc6-af70-5ba5-8c36-02ac0e5f79b6', '78723f3a-936d-5f7c-8c90-1d877939fbc0', 'QUAD CITIES-1', 'reactor', 'shutdown', '1971-10-18', '2050-01-01', 908.0, 'MWe'),
      ('0a911f30-b498-5c1a-b230-9ff7a3cc17cf', '78723f3a-936d-5f7c-8c90-1d877939fbc0', 'QUAD CITIES-2', 'reactor', 'shutdown', '1972-04-26', '2050-01-01', 911.0, 'MWe'),
      ('771ae9d8-b918-5f1f-8178-176bae4093cf', '2068507c-d570-5a65-a701-058c1f8a5e67', 'RIVER BEND-1', 'reactor', 'shutdown', '1985-10-31', '2050-01-01', 967.0, 'MWe'),
      ('2cbbf448-bb66-5de4-a6be-3b469562f772', '78d0f356-4320-5a25-abd5-de2a8de505d5', 'ROBINSON-2', 'reactor', 'shutdown', '1970-09-20', '2050-01-01', 741.0, 'MWe'),
      ('01b4b1a1-8d04-5d46-aead-d7d49930ec73', '6a068aca-430d-5513-86d8-01aae6c30c5f', 'SAINT LUCIE-1', 'reactor', 'shutdown', '1976-04-22', '2050-01-01', 981.0, 'MWe'),
      ('7f6faa3d-1f7b-5532-aba5-df8bf2d4b55b', '6a068aca-430d-5513-86d8-01aae6c30c5f', 'SAINT LUCIE-2', 'reactor', 'shutdown', '1983-06-02', '2050-01-01', 987.0, 'MWe'),
      ('b2afa1c6-2c1c-5da6-b713-236ecac51d00', '8312d5c9-8368-56fd-9b69-5d4c6961ecb4', 'SALEM-1', 'reactor', 'shutdown', '1976-12-11', '2050-01-01', 1169.0, 'MWe'),
      ('af288c95-e9cc-5a74-bf32-7db42b97eb95', '8312d5c9-8368-56fd-9b69-5d4c6961ecb4', 'SALEM-2', 'reactor', 'shutdown', '1980-08-08', '2050-01-01', 1158.0, 'MWe'),
      ('e12e54d2-7692-5982-b031-6b225f2e1984', 'de28a88d-6481-5eba-a126-045202273ea2', 'SEABROOK-1', 'reactor', 'shutdown', '1989-06-13', '2050-01-01', 1246.0, 'MWe'),
      ('4188be50-7cfd-54b2-95b9-aeb4ef1a227e', 'd37c94ac-80c8-5bfe-b35a-cf3b4439b6a5', 'SEQUOYAH-1', 'reactor', 'shutdown', '1980-07-05', '2050-01-01', 1152.0, 'MWe'),
      ('0d512351-5aeb-599c-9f93-4b257e55b565', 'd37c94ac-80c8-5bfe-b35a-cf3b4439b6a5', 'SEQUOYAH-2', 'reactor', 'shutdown', '1981-11-05', '2050-01-01', 1139.0, 'MWe'),
      ('1d1c5350-5460-5270-bee5-a59b55225ece', '6042fc55-d775-50d0-968e-e059e576d316', 'SHEARON HARRIS-1', 'reactor', 'shutdown', '1987-01-03', '2050-01-01', 964.0, 'MWe'),
      ('bea8f519-2ea2-5853-b9d2-6777e36a5c08', '55680f6f-e4e7-56ea-8662-378bf8918714', 'SOUTH TEXAS-1', 'reactor', 'shutdown', '1988-03-08', '2050-01-01', 1280.0, 'MWe'),
      ('3e9eec52-4622-5366-9f5c-bfc470a101f4', '55680f6f-e4e7-56ea-8662-378bf8918714', 'SOUTH TEXAS-2', 'reactor', 'shutdown', '1989-03-12', '2050-01-01', 1280.0, 'MWe'),
      ('59611062-fa9c-555c-9611-87b1718afc18', '8aa2596c-63c3-596b-b160-985ea0579af8', 'SUMMER-1', 'reactor', 'shutdown', '1982-10-22', '2050-01-01', 973.0, 'MWe'),
      ('c35109ed-6aa1-5ef2-a1a3-6bc897834730', 'e46882a6-6fd5-58ba-bdef-674d1c4298c7', 'SURRY-1', 'reactor', 'shutdown', '1972-07-01', '2050-01-01', 838.0, 'MWe'),
      ('979dc6b4-2bce-5eb9-9250-2b8e489a0eb4', 'e46882a6-6fd5-58ba-bdef-674d1c4298c7', 'SURRY-2', 'reactor', 'shutdown', '1973-03-07', '2050-01-01', 838.0, 'MWe'),
      ('c5113a1d-6a21-583c-9dc9-1ea2843cc9cc', 'd7e895b0-0ebf-50d4-9ac5-e1976c03a369', 'SUSQUEHANNA-1', 'reactor', 'shutdown', '1982-09-10', '2050-01-01', 1257.0, 'MWe'),
      ('aaf7914e-0901-5275-8feb-2b4f2fa01f98', 'd7e895b0-0ebf-50d4-9ac5-e1976c03a369', 'SUSQUEHANNA-2', 'reactor', 'shutdown', '1984-05-08', '2050-01-01', 1257.0, 'MWe'),
      ('e12bf024-9fed-504c-8611-0479f6f0992e', '0afb588f-8956-58f3-af1d-726dd3cda4d0', 'TURKEY POINT-3', 'reactor', 'shutdown', '1972-10-20', '2050-01-01', 837.0, 'MWe'),
      ('9220f354-3d51-5383-8b54-0fb37fbb0886', '0afb588f-8956-58f3-af1d-726dd3cda4d0', 'TURKEY POINT-4', 'reactor', 'shutdown', '1973-06-11', '2050-01-01', 821.0, 'MWe'),
      ('041f7216-f73c-5677-8dab-c9a88882cffb', '2abe961d-72af-5ccc-81fa-ebd6384bcdb9', 'VOGTLE-1', 'reactor', 'shutdown', '1987-03-09', '2050-01-01', 1150.0, 'MWe'),
      ('4651bea0-e508-53f3-91b1-8cd713d989c5', '2abe961d-72af-5ccc-81fa-ebd6384bcdb9', 'VOGTLE-2', 'reactor', 'shutdown', '1989-03-28', '2050-01-01', 1152.0, 'MWe'),
      ('88b6b103-ae71-51de-b14d-030ea072f825', '2abe961d-72af-5ccc-81fa-ebd6384bcdb9', 'VOGTLE-3', 'reactor', 'shutdown', '2023-03-01', '2050-01-01', 1117.0, 'MWe'),
      ('91878eaa-2349-5649-a4db-de5f25d8f777', '2abe961d-72af-5ccc-81fa-ebd6384bcdb9', 'VOGTLE-4', 'reactor', 'shutdown', '2024-02-14', '2050-01-01', 1117.0, 'MWe'),
      ('2733c49a-9a1a-5241-b644-4ed6af826148', 'b586e344-d16f-5583-ab88-83f5777c3c13', 'WATERFORD-3', 'reactor', 'shutdown', '1985-03-04', '2050-01-01', 1168.0, 'MWe'),
      ('672c1809-b2cd-5828-ba1a-4f34a8fc3897', '4a8b1912-2dfc-517d-8f29-5a6ae6c234e2', 'WATTS BAR-1', 'reactor', 'shutdown', '1996-01-01', '2050-01-01', 1157.0, 'MWe'),
      ('9e666dcb-6f3f-5298-80b8-169090acbe44', '4a8b1912-2dfc-517d-8f29-5a6ae6c234e2', 'WATTS BAR-2', 'reactor', 'shutdown', '2016-05-23', '2050-01-01', 1164.0, 'MWe'),
      ('2f95f88a-6036-5e79-bbb8-a7c919b90020', 'e0aaed6b-71ed-5907-8ec0-2b1f15d0d14d', 'WOLF CREEK', 'reactor', 'shutdown', '1985-05-22', '2050-01-01', 1200.0, 'MWe'),
      ('a573ac4b-e495-5590-ba3f-54bd9cf8546e', '864bfb76-26d6-5e58-8493-4f0dab95de9e', 'Mescalero Apache', 'interim_storage', 'proposed', '1992-01-01', NULL, 10000, 'tHM'),
      ('5847d398-e14e-5fad-a7b3-807073e71df5', '04b6306c-7668-540e-ac09-8163a503fbe0', 'Grant County', 'interim_storage', 'proposed', '1991-01-01', NULL, 10000, 'tHM'),
      ('b60809a4-8861-5c33-b150-294fbf6127e6', 'faa218b8-3dee-52a4-a577-a5b893639aac', 'Chickasaw', 'interim_storage', 'proposed', '1991-01-01', NULL, 10000, 'tHM'),
      ('583604b3-a37b-5033-9ab9-d159c829f235', '2ebeb62c-8a98-54d3-a002-b5a6900273de', 'Fremont County', 'interim_storage', 'proposed', '1991-01-01', NULL, 10000, 'tHM'),
      ('674eada9-551d-54ea-92b5-7baa2c2f42b0', '5edd93cf-1310-5bd3-9e9a-ff88c05c0e13', 'Prairie Island Ind Comm', 'interim_storage', 'proposed', '1991-01-01', NULL, 10000, 'tHM'),
      ('d52635f8-b1fd-51bd-8616-692c61021463', '4a23af20-2ba4-5980-ad05-fd1fcf40b0c2', 'Sac and Fox', 'interim_storage', 'proposed', '1991-01-01', NULL, 10000, 'tHM'),
      ('b82a120f-74d0-51fb-9686-a3138f60b9a3', '7c096394-d13a-5dbf-a076-0a7cebe0dfe4', 'Yakama', 'interim_storage', 'proposed', '1991-01-01', NULL, 10000, 'tHM'),
      ('a7548d2c-be30-5f42-a2ef-19fe752a3ffb', '71ad8919-50fb-5f04-aba6-d3e22a58b967', 'Skull Valley', 'interim_storage', 'proposed', '1992-01-01', NULL, 10000, 'tHM'),
      ('6ec80103-9233-5d98-8ea2-b4fffa6e6312', 'b7b7d4ff-a888-5a3b-b89d-b559ecd981ea', 'Eastern Shawnee', 'interim_storage', 'proposed', '1991-01-01', NULL, 10000, 'tHM'),
      ('61dddf7f-b246-5b12-9815-8d08f9df5d53', 'f0d6aada-0124-5c54-87d2-56600cc6631a', 'San Juan County', 'interim_storage', 'proposed', '1991-01-01', NULL, 10000, 'tHM'),
      ('e4655db7-8267-51db-a0b7-46f146a73730', '1db4c52d-a280-5bdd-9eed-8a5d3989833c', 'Ponca', 'interim_storage', 'proposed', '1991-01-01', NULL, 10000, 'tHM'),
      ('a67afd57-5c22-570b-b883-98a2954b7b4c', '0b23f2e9-a74a-514f-858b-30eac2213d36', 'Fort McDermitt', 'interim_storage', 'proposed', '1992-01-01', NULL, 10000, 'tHM'),
      ('4f70d0d3-4d87-5fa4-916f-ed2643f7f566', 'a272712f-267c-597e-b7f3-c18ff96d15cb', 'Tonkawa', 'interim_storage', 'proposed', '1992-01-01', NULL, 10000, 'tHM'),
      ('1565c62b-95bd-5c28-bf05-73dacdb12851', 'ded30097-1e9e-57c1-a717-9d3b2d7be2c5', 'Oak Ridge', 'interim_storage', 'proposed', '1985-01-01', NULL, 10000, 'tHM'),
      ('f5b7433f-e401-54ef-baa1-f903cfa36e5d', '9549cead-ac4c-59e2-acc8-28ceea9e049a', 'Phipps Bend', 'interim_storage', 'proposed', '1985-01-01', NULL, 10000, 'tHM'),
      ('e005ec18-a1dc-5693-9134-c061d1b16a79', 'eed7aa54-8f96-56a1-bee9-78654f20288a', 'Clinch River', 'interim_storage', 'proposed', '1985-01-01', NULL, 10000, 'tHM'),
      ('036d3132-8741-525d-872a-779b49c4cd36', 'ba84027a-cb1c-57d6-88c1-bc15b3478fc2', 'Paducah', 'interim_storage', 'proposed', '1985-01-01', NULL, 10000, 'tHM'),
      ('f031481e-6085-53d5-98f6-39468dc9a592', '2d7a96f8-4fae-5628-b3a7-9030d3934e59', 'Yellow Creek', 'interim_storage', 'proposed', '1985-01-01', NULL, 10000, 'tHM'),
      ('5f46be39-3173-5019-97e4-6764854a971e', '4b8817be-a886-5fa9-a6e9-a9f318657697', 'Hartsville', 'interim_storage', 'proposed', '1985-01-01', NULL, 10000, 'tHM'),
      ('e03923de-9f69-573d-b80e-a67a2528396a', 'd5858add-120a-5742-8389-a08ad6197159', 'Barton', 'interim_storage', 'proposed', '1985-01-01', NULL, 10000, 'tHM'),
      ('d1ffb166-7879-5259-bc84-c85fcb7fe7b0', '490e0163-ad0c-5a07-9aaa-67bf774baf00', 'Cherokee', 'interim_storage', 'proposed', '1985-01-01', NULL, 10000, 'tHM'),
      ('1333ec43-cd47-550e-8aa4-6d26f05460b7', '26b3c7b2-678e-5787-bdf6-484092c664c3', 'Savannah River', 'interim_storage', 'proposed', '1985-01-01', NULL, 10000, 'tHM'),
      ('02ec6411-8bf0-57cd-9904-8072bcf92e78', '66a7fd6f-b408-525a-a78e-228e5cfa474e', 'Barnwell', 'interim_storage', 'proposed', '1985-01-01', NULL, 10000, 'tHM'),
      ('03be2d5c-8106-5d3c-bda8-76d55797dc18', '48d9884b-9d2c-56cd-b69e-dc8406df9671', 'Perkins', 'interim_storage', 'proposed', '1985-01-01', NULL, 10000, 'tHM'),
      ('f862c3f0-91bc-5c97-9781-f75c2f91f921', '71ad8919-50fb-5f04-aba6-d3e22a58b967', 'PFS Skull Valley', 'interim_storage', 'proposed', '2004-01-01', NULL, 40000, 'tHM'),
      ('eea08f4e-4831-5a14-a2d3-d172dea3629c', '5e94db2a-db31-576c-9b09-172a8f5cb60c', 'ISP Andrews', 'interim_storage', 'proposed', '2016-01-01', NULL, 40000, 'tHM'),
      ('1f96a2b9-a636-54ab-bba0-c515080860e2', '1155127a-ce59-5096-876d-254393ef521f', 'Holtec Lea', 'interim_storage', 'proposed', '2017-01-01', NULL, 173600, 'tHM'),
      ('759d54ca-4958-5683-999a-d0b9c2288aea', '443b43d5-7e5d-57e4-a431-29ec1a010f29', 'Yucca Mountain', 'repository', 'proposed', '1983-01-01', NULL, 70000, 'tHM'),
      ('47f377e6-f295-5349-bcc3-c7c083104587', '77fcb5da-4445-5a2d-9901-59e5ea44a38c', 'Deaf Smith', 'repository', 'proposed', '1983-01-01', NULL, 70000, 'tHM'),
      ('2405c6bf-302b-587e-ba7c-af9f0c2654b8', '47c0d8aa-c5a8-5b53-9c92-3ca8ebb4dc32', 'Hanford', 'repository', 'proposed', '1983-01-01', NULL, 70000, 'tHM'),
      ('1302451d-0482-5745-a09a-22e5e1338db5', '6e2432a5-2843-5cdb-9492-87c43475cf8b', 'Richton Dome', 'repository', 'proposed', '1983-01-01', NULL, 70000, 'tHM'),
      ('76a71c72-372f-5fca-a5ed-aa25285712d7', 'e7c2ad77-f6ea-53fa-95c3-3ca7c8f477d1', 'Davis Canyon', 'repository', 'proposed', '1983-01-01', NULL, 70000, 'tHM'),
      ('99fc5d81-e560-559d-9f47-39e09c8b990a', 'ede467f7-83c5-5210-a2a8-b321dd983212', 'Vacherie', 'repository', 'proposed', '1983-01-01', NULL, 70000, 'tHM'),
      ('1f35b7c4-edc7-579a-8a5b-53b9eebb9cee', '7b5e0b72-5ec2-5841-b352-77725de5dbc2', 'Lavender', 'repository', 'proposed', '1983-01-01', NULL, 70000, 'tHM'),
      ('b8743467-4e18-5ca0-8202-29620b6b121d', 'c61fa4c5-50ff-53e8-b178-e2ba6e6a3b2e', 'Cypress Creek', 'repository', 'proposed', '1983-01-01', NULL, 70000, 'tHM'),
      ('6aae9f28-0ae4-5e10-8ec8-946a971089fd', 'ff15ee0c-89fa-5bf6-81ee-0ad817fe52d7', 'Swisher', 'repository', 'proposed', '1983-01-01', NULL, 70000, 'tHM'),
      ('af5ed8dc-ddf1-5ea0-bda0-e93dafd854c1', '48afa952-c5fd-5d09-8a51-1b24e06d61d3', 'WIPP', 'repository', 'proposed', '1981-01-01', NULL, 70000, 'tHM'),
      ('d2357b75-8a5d-5844-a443-09188d35b2e6', 'f5a6a51d-b6c3-56d1-af12-bdd5da0b5863', 'Lyons', 'repository', 'proposed', '1970-01-01', NULL, 70000, 'tHM'),
      ('68ce1c9a-77ef-5703-9501-a2884c51fb97', 'ceb10645-776b-591f-aab3-6d55b50fe54d', 'Plant 7 (Hex Reduction Plant)', 'conversion', 'decommissioned', '1970-01-01', '1970-01-01', 0.0, 't HM/year'),
      ('ce48a140-af29-5950-a129-c7c03d68a12d', '03c9f175-bf0d-54df-a4ca-7163fb032c59', 'Metropolis Conversion Facility', 'conversion', 'active', '1970-01-01', NULL, 7000.0, 't U/year'),
      ('3f069878-266f-5c7f-9fe1-77adcc682936', '4cd0e34d-1566-58a3-a6e1-2df88595b1b1', 'Sequoyah Facility', 'conversion', 'shutdown', '1970-01-01', '1970-01-01', 9090.0, 't HM/year'),
      ('3d886e0f-8f6c-5f13-af45-4b8ece4d0796', '8a2fe297-6983-5bba-8fd3-be2e20d686b0', 'Richland Fuel Fabrication Plant (Framatome)', 'conversion', 'active', '1970-01-01', NULL, 1200.0, 't U/year'),
      ('8221ec7f-6600-5bb2-bcb6-51d4d11c576b', '2bcf8de9-2640-52df-bafb-81287f7ff04c', 'Weldon Spring Site', 'conversion', 'decommissioned', '1970-01-01', '1970-01-01', 0.0, 't HM/year'),
      ('4e6dc64e-e6dd-59fb-9f75-c05eb6254286', 'ab363a4a-827f-5f68-9d39-86a59fafa1ed', 'BWX Technology (BWXT) Fuel Facility', 'fuel_fabrication', 'active', '1970-01-01', NULL, 100.0, 't HM/year'),
      ('439615ba-2b5e-5bcc-aa23-9eaff4f08b81', 'c1f4f84a-4aec-5a4a-95ed-d6ec99e075b3', 'Apollo', 'fuel_fabrication', 'decommissioned', '1970-01-01', '1970-01-01', 360.0, 't HM/year'),
      ('9fb4146a-aff4-5736-8cea-d0ed80719bde', 'c1d974fc-2979-5f72-89eb-cc55db2fd877', 'Columbia Fuel Fabrication Facility', 'fuel_fabrication', 'active', '1970-01-01', NULL, 1350.0, 't U/year'),
      ('cf93ec0b-f2a1-51b7-a925-4a40e3f7b14d', '0e611622-d9a1-5d6d-98a9-b6702959cfa2', 'Fuel Fabrication Facility Attleboro', 'fuel_fabrication', 'decommissioned', '1970-01-01', '1970-01-01', 0.0, 't HM/year'),
      ('b26bc6ac-7a1f-5fd2-bbc4-c663d7fe7ca7', 'c7c6d7d1-6dec-52e7-8c9d-3746396cbbe2', 'HALEU Demonstration Plant (Piketon/Portsmouth)', 'fuel_fabrication', 'active', '1970-01-01', NULL, 0.9, 't U/year'),
      ('a823048b-7c41-5673-bbba-80203c96bd46', 'c26a2bb4-37c5-59f2-839e-61a39861ed0e', 'Hematite (ABB-CE)', 'fuel_fabrication', 'decommissioning', '1970-01-01', '1970-01-01', 450.0, 't HM/year'),
      ('d1a1c696-6b06-5cd2-b019-b79bbd51154d', '8a5fd139-4f62-59d2-8b71-2872630d16a7', 'LANL TA-21', 'fuel_fabrication', 'decommissioned', '1970-01-01', '1970-01-01', 0.0, 't HM/year'),
      ('97f79d5d-74ad-577e-9fa0-82290a9d1e5c', '8a5fd139-4f62-59d2-8b71-2872630d16a7', 'Lynchburg - FC Fuels (Framatome)', 'fuel_fabrication', 'active', '1970-01-01', NULL, 400.0, 't HM/year'),
      ('e32d020f-01ef-5dd9-89ab-16d48a6bc39e', '8a2fe297-6983-5bba-8fd3-be2e20d686b0', 'Richland Fuel Fabrication Plant (Framatome)', 'fuel_fabrication', 'active', '1970-01-01', NULL, 700.0, 't U/year'),
      ('50b5bc5c-9a2c-590c-9ce8-5b025156153c', '32780b5e-b120-5173-8464-95caeacf94f8', 'RMI Extrusion Plant', 'fuel_fabrication', 'decommissioned', '1970-01-01', '1970-01-01', 0.0, 't HM/year'),
      ('fabd7132-532f-58c7-96c6-77085e5b1250', '80b8dd21-e54e-5c42-9afb-ed8c658300a6', 'Uranium Fuel Fabrication Plant', 'fuel_fabrication', 'decommissioned', '1970-01-01', '1970-01-01', 0.0, 't HM/year'),
      ('1839cd57-5240-55cf-9bdc-c811a080a24b', 'd8825cdb-aa55-5d6c-a9d2-e1974eb6865c', 'Uranium Fuel Fabrication Plant - San Jose', 'fuel_fabrication', 'decommissioned', '1970-01-01', '1970-01-01', 0.0, 't HM/year'),
      ('81e3e354-1200-573e-a1a0-d136c9d8f5c1', '3cca0fbf-a104-51ed-b7de-9d78aed66e00', 'Wilmington Facility', 'fuel_fabrication', 'active', '1970-01-01', NULL, 1200.0, 't HM/year'),
      ('72477a89-37e0-5589-86c0-852347622568', 'b9688ab6-8c24-5bc5-ad31-c30c113a0cde', 'Advanced Fuel Laboratory', 'fuel_fabrication', 'decommissioned', '1970-01-01', '1970-01-01', 0.0, 't HM/year'),
      ('5613e9b0-058d-5e5b-a494-90ae4794fd9a', 'e522737e-f5c8-58e1-a423-ccd1e1ee034b', 'B212 Plutonium Glovebox', 'fuel_fabrication', 'decommissioned', '1970-01-01', '1970-01-01', 0.0, 't HM/year'),
      ('c3b902a2-fdfd-55ab-9e05-eae4f691017f', 'd12874bb-df1d-595f-804f-2d67d328c657', 'Nuclear Fuel Services', 'fuel_fabrication', 'decommissioned', '1970-01-01', '1970-01-01', 0.0, 't HM/year'),
      ('b0483568-e4de-5003-8b53-fe4d0d7c9782', '21a5c721-4aea-5f50-9fb6-34ba22146271', 'Nuclear Material Development Facility', 'fuel_fabrication', 'decommissioned', '1970-01-01', '1970-01-01', 0.0, 't HM/year'),
      ('536f458e-06c2-5644-91b8-b7de8633e573', '66a7fd6f-b408-525a-a78e-228e5cfa474e', 'Barnwell', 'conversion', 'others', NULL, NULL, 0.0, 't HM/year'),
      ('369c3e2b-c924-523e-94a6-b265beee40dd', '0831656d-cf89-50c1-9470-7271522dfd44', 'Fluorine Extraction Process and Depleted Uranium Deconversion Plant (FEP/DUP)', 'conversion', 'others', '1970-01-01', NULL, 6500.0, 't/year'),
      ('290994db-3513-56f5-9c8c-dd76218af419', 'ba84027a-cb1c-57d6-88c1-bc15b3478fc2', 'Paducah', 'conversion', 'active', '1970-01-01', NULL, 18000.0, 't HM/year'),
      ('54ea61d1-ba6a-5931-862f-d92bfdbd5559', 'c7c6d7d1-6dec-52e7-8c9d-3746396cbbe2', 'Portsmouth (Piketon)', 'conversion', 'active', '1970-01-01', NULL, 13500.0, 't HM/year'),
      ('40826e94-9f6f-5c6b-aa03-383673bb80b2', '66a7fd6f-b408-525a-a78e-228e5cfa474e', 'Barnwell', 'reprocessing', 'others', '1970-01-01', '1970-01-01', 1500.0, 't HM/year'),
      ('91baf63b-7ff4-5dd5-81d1-9a2b61cde90e', 'b98e39d0-aa8c-5b75-b5e0-a2864e3b68b0', 'GE Morris', 'reprocessing', 'shutdown', '1970-01-01', '1970-01-01', 300.0, 't HM/year'),
      ('7c422e6a-c452-59c9-8d91-98442327ce13', '9c4ea34b-8c54-59ed-8727-9d2a56da5842', 'H-Canyon', 'reprocessing', 'active', '1970-01-01', NULL, NULL, 'nan'),
      ('8c59da1c-bc4d-57ba-992b-045c6bc4fbb3', '7bdfa0f1-3db1-5aa6-872a-0bc91fb9c610', 'Special Metallurgical Facility (Mound Laboratory)', 'reprocessing', 'decommissioned', '1970-01-01', '1970-01-01', 0.0, 't HM/year'),
      ('1830adc8-7f87-58b8-be55-6d7ae3d5470c', 'bc46c081-69df-53e1-b6c2-2b31ed54c9af', 'West Valley', 'reprocessing', 'decommissioning', '1970-01-01', '1970-01-01', 300.0, 't HM/year'),
      ('ea352f8b-e869-5844-bc8f-ffe74fd3ffd3', 'c7c6d7d1-6dec-52e7-8c9d-3746396cbbe2', 'American Centrifuge Demonstration Facility (Piketon/Portsmouth)', 'enrichment', 'stand by', '1970-01-01', NULL, 0.0, 'MTSWU/year'),
      ('19b7d03a-e8f9-5c77-ac30-384c9e6d0448', 'c7c6d7d1-6dec-52e7-8c9d-3746396cbbe2', 'American Centrifuge Plant (Piketon/Portmsouth)', 'enrichment', 'under_construction', NULL, NULL, 4800.0, 'MTSWU/year'),
      ('feccfeca-eb8d-5bad-9956-46923abc1389', '49fa2cf3-659d-567f-a411-a6296a788a7b', 'Claiborne Enrichment Center', 'enrichment', 'terminated', NULL, NULL, 1500.0, 'MTSWU/year'),
      ('10622398-bec7-501d-96d6-b56600be66e6', '9ad4a0d1-fe43-58d6-9522-ded0da7de7ac', 'Eagle Rock Enrichment Facility', 'enrichment', 'terminated', NULL, NULL, 3300.0, 'MTSWU/year'),
      ('1203ed51-1ea6-5d11-ac54-b6d482b19efe', '3cca0fbf-a104-51ed-b7de-9d78aed66e00', 'Global Laser Enrichment (GLE)', 'enrichment', 'under_construction', NULL, NULL, 3500.0, 'MTSWU/year'),
      ('8c05d234-6052-52d4-ab70-d52a809e5fa3', 'eedca50a-4cea-5b24-9ed8-cef7285e99e6', 'National Enrichment Facility (Urenco USA)', 'enrichment', 'active', '1970-01-01', NULL, 4800.0, 'MTSWU/year'),
      ('2352ae60-bb93-56d3-8504-b258ef41efac', 'ba84027a-cb1c-57d6-88c1-bc15b3478fc2', 'Paducah Gaseous Diffusion', 'enrichment', 'shutdown', '1970-01-01', '1970-01-01', 11300.0, 'MTSWU/year'),
      ('eb500cf9-d065-5ba5-9a51-e8e8bb846f94', 'c7c6d7d1-6dec-52e7-8c9d-3746396cbbe2', 'Portsmouth Gaseous Diffusion', 'enrichment', 'shutdown', '1970-01-01', '1970-01-01', 7400.0, 'MTSWU/year'),
      ('cccb018b-4576-54cc-ab2c-14d229ed7487', '63b8f809-34e5-59fb-b29c-8724abb599f5', 'Salt Lake City', 'fuel_fabrication', 'decommissioned', '1970-01-01', '1970-01-01', NULL, 'nan'),
      ('11030640-d540-502f-8308-46549332cfa4', 'f89e16ab-de0b-5448-bb4e-f701791843ae', 'Marquez-Juan Tafoya', 'mill', 'standby', NULL, NULL, 0.0, 't U/year'),
      ('0d253445-d74f-5b6a-b772-689b438bbc05', '2f3f2ce6-455e-5b2d-9408-f15ec45f0cd1', 'Rhone Poulenc, Inc.', 'mill', 'decommissioning', '1970-01-01', '1970-01-01', 15.0, 't U/year'),
      ('78f8f3b2-f9ce-51e1-97df-6349cf915c63', 'd2491ee4-1480-5192-9ae3-eda5a81e92f2', 'Ambrosia Lake', 'mill', 'decommissioning', '1970-01-01', '1970-01-01', 3300.0, 't U/year'),
      ('1777f205-e45e-5800-88d2-1dc75b0c9c3d', '55d17b76-cc19-5a1c-a638-da31c6765f36', 'Bear Creek', 'mill', 'decommissioned', '1970-01-01', '1970-01-01', 400.0, 't U/year'),
      ('614afeab-3e3a-5784-b47d-ec43da9a8c7f', 'dc49cfb7-5938-5f9a-92b3-00db53621de4', 'Bluewater', 'mill', 'decommissioned', '1970-01-01', '1970-01-01', 0.0, 't U/year'),
      ('62d70874-a2b3-5ed7-b46e-a107b8ffe350', 'dee4cd94-ad2b-593e-b696-bd1fb7655437', 'Canon City', 'mill', 'decommissioned', '1970-01-01', '1970-01-01', 210.0, 't U/year'),
      ('34268fad-793f-5066-b43e-23c610006732', 'dee4cd94-ad2b-593e-b696-bd1fb7655437', 'Canon City-I', 'mill', 'decommissioned', '1970-01-01', '1970-01-01', 300.0, 't U/year'),
      ('1de54776-970c-54b8-934b-765017dcad54', '6d8f4787-069c-5967-b7df-f0ece5eff186', 'Church Rock', 'mill', 'decommissioned', '1970-01-01', '1970-01-01', 385.0, 't U/year'),
      ('f7026427-ff29-5de2-8e54-22f453863925', 'f3f2c295-5415-50fe-b675-bb2a56f92eaf', 'Dawn', 'mill', 'decommissioned', '1970-01-01', '1970-01-01', 200.0, 't U/year'),
      ('4161ba4c-6f79-5838-b29f-a27c3da9d4ee', '72e7ce52-9bcb-53dd-a5c5-b60217580806', 'Durita', 'mill', 'decommissioned', '1970-01-01', '1970-01-01', NULL, 'nan'),
      ('2e3e807a-0b90-528e-b208-32b4ed65aba3', '8d68d16d-fad1-57b3-a1d5-03d4232e5c87', 'Edgemont', 'mill', 'decommissioned', '1970-01-01', '1970-01-01', NULL, 'nan'),
      ('46bd2a21-51d0-5725-9a56-d9a2d955eb60', 'd1407684-1631-52ce-9cbf-7daf6948a586', 'Falls City', 'mill', 'decommissioned', '1970-01-01', '1970-01-01', 0.0, 't U/year'),
      ('90e174e9-0fcc-5d0f-be95-1f810db5cd9e', '66db1d61-5140-5f3a-8b9d-70f3a24f0bc5', 'Falls City Conquista', 'mill', 'decomissioning', '1970-01-01', '1970-01-01', NULL, 'nan'),
      ('285fc65d-dce7-5cde-ad89-5c86a8161653', '985286cb-af8b-542a-80fd-e06f9484f05c', 'Gas Hills / American Nuclear', 'mill', 'decommissioned', '1970-01-01', '1970-01-01', 400.0, 't U/year'),
      ('9dd2b368-92eb-5ccd-bb67-fb2be7562d53', '62337dc0-0962-55bd-a48b-93c34fc4801b', 'Gas Hills / Umetco', 'mill', 'decommissioned', '1970-01-01', '1970-01-01', 300.0, 't U/year'),
      ('1fd23b10-fea6-536d-8207-9f9d60fc2813', 'eb26e515-5d2b-5cc4-9365-8bbd78c38a65', 'Grand Junction / Climax', 'mill', 'decommissioned', '1970-01-01', '1970-01-01', NULL, 'nan'),
      ('5bd0a249-d578-500d-a65d-f9d46254e563', '0496e795-9620-5db8-9175-2440c99d386d', 'Grants', 'mill', 'decommissioned', '1970-01-01', '1970-01-01', 0.0, 't U/year'),
      ('c96b8671-e193-5701-a1d5-a23ebb5cd079', '5515fd8f-b06a-590c-8686-fe96d8a08c0a', 'Green River', 'mill', 'decommissioned', '1970-01-01', '1970-01-01', 0.0, 't U/year'),
      ('5c5c5b06-d6c5-537c-8647-3648b439f7bf', '14576385-7983-5730-a908-a93fe5265956', 'Highland', 'mill', 'decommissioning', '1970-01-01', '1970-01-01', 580.0, 't U/year'),
      ('23be35ea-e217-5de9-bf91-795acad50522', '7b0e08e7-a9d4-5ca7-99fe-f3cb8a215d21', 'Lakeview', 'mill', 'decommissioned', '1970-01-01', '1970-01-01', NULL, 'nan'),
      ('27ab7885-5db5-586c-aaf3-fd211109a046', '2fb871f4-e59a-52b3-9ad7-8ecdfb47581e', 'L-Bar', 'mill', 'decommissioned', '1970-01-01', '1970-01-01', 1000.0, 't U/year'),
      ('8ecd9f17-72dc-5ecc-affa-fe5b81752908', '89c0ec19-9ec6-5626-8125-b96aae036306', 'Lisbon', 'mill', 'decommissioned', '1970-01-01', '1970-01-01', 350.0, 't U/year'),
      ('7baa9c30-781e-5497-9c79-8eee579a8c2b', 'f4a45fad-fd52-516c-a0fd-c423dc63120b', 'Lucky Mc (Pathfinder)', 'mill', 'decommissioned', '1970-01-01', '1970-01-01', 710.0, 't U/year'),
      ('e075c1fb-1bd4-5384-94ff-6f2ea342dcb4', '3bdd518b-2ec0-5108-a0d4-0d2737ade132', 'Maybell', 'mill', 'decommissioned', '1970-01-01', '1970-01-01', NULL, 'nan'),
      ('eea27c4f-be13-5b3f-9706-1aa00f986585', '3bdd518b-2ec0-5108-a0d4-0d2737ade132', 'Maybell', 'mill', 'decommissioned', '1970-01-01', '1970-01-01', NULL, 'nan'),
      ('4cd7cd99-db88-58bc-88a8-023a36933070', 'e8e95015-facc-52b5-ab18-45f46b7c5914', 'Mexican Hat', 'mill', 'decommisisoning', '1970-01-01', '1970-01-01', NULL, 'nan'),
      ('6818142c-1f22-505d-9398-a33ca54d12a3', 'ff8683c7-5ac4-5d93-ba56-4c2624fef5e0', 'Moab', 'mill', 'decommissioned', '1970-01-01', '1970-01-01', 1500.0, 't U/year'),
      ('306b5d66-1f2f-5377-95d7-b633d925f6d7', 'e2134c5c-97de-56dd-addb-5e4b2cfa247a', 'Naturita', 'mill', 'decommissioned', '1970-01-01', '1970-01-01', NULL, 'nan'),
      ('d66c9769-f3a7-575e-9fca-0753b1851911', '17676019-940e-59e2-bb32-4887615aa3c0', 'Panna Maria', 'mill', 'decommissioned', '1970-01-01', '1970-01-01', 580.0, 't U/year'),
      ('b5caf71b-0a8e-502a-af54-c720d9c9421d', 'a41e8700-4197-5cf1-a614-9bb5b2613cb2', 'Pinon Ridge Mill', 'mill', 'standby', NULL, NULL, NULL, 'nan'),
      ('b1ff727f-fe78-5294-b658-f09762027555', '4afbb162-4b24-52ff-b9e6-0a0d95db3446', 'Rifle', 'mill', 'decommissioned', '1970-01-01', '1970-01-01', NULL, 'nan'),
      ('7494de26-51a2-532a-b4cc-17865b69efc9', '211d1cca-ec17-5137-8e6f-3fd44bfb5867', 'Riverton', 'mill', 'decommissioned', '1970-01-01', '1970-01-01', NULL, 'nan'),
      ('d2c37e3b-86d5-5d65-93f9-10f21b438908', 'b3f93f96-5200-53f7-8248-8e85f7a18560', 'Shiprock', 'mill', 'decommissioned', '1970-01-01', '1970-01-01', NULL, 'nan'),
      ('84f4b3f1-bbfd-5f38-ac30-60b659db588d', 'ed1b5c43-fc9c-5a5f-aa70-a35d5bf60457', 'Shirley Basin / Pathfinder', 'mill', 'decommissioned', '1970-01-01', '1970-01-01', 1000.0, 't U/year'),
      ('38f1431d-55fe-572d-807e-8f098ecfd6b1', 'ed1b5c43-fc9c-5a5f-aa70-a35d5bf60457', 'Shirley Basin / Petrotomics', 'mill', 'decommissioned', '1970-01-01', '1970-01-01', 400.0, 't U/year'),
      ('246fe9df-1657-5425-ba37-436e4117d17a', 'd98cb156-5bba-5880-aeb2-1d2bc967d8f1', 'Shootaring Canyon', 'mill', 'standby', '1970-01-01', NULL, 380.0, 't U/year'),
      ('b50c2ff9-8bcc-5324-bb2c-9667ac27eb1e', '9ff4d508-c2bc-5ceb-af71-93b9047e1f3a', 'Slick Rock', 'mill', 'decommissioned', '1970-01-01', '1970-01-01', NULL, 'nan'),
      ('eb4b8941-b442-5d9d-9062-ff6093683a32', 'ff40c78a-d4d9-5ea6-9219-695b70c5fc54', 'Split Rock', 'mill', 'decommissioned', '1970-01-01', '1970-01-01', NULL, 'nan'),
      ('16648516-d3e9-5db7-888c-e1ad439b007a', '68d6d667-344c-5b08-87ba-2e7cf598fffa', 'Sweetwater', 'mill', 'stand by', '1970-01-01', '1970-01-01', 350.0, 't U/year'),
      ('ed0881b4-d04a-5b01-9976-8d4eb5f0f125', '87ca716c-4826-5f68-adb0-6e1242787756', 'Three Rivers / Ray Point', 'mill', 'decomissioning', '1970-01-01', '1970-01-01', NULL, 'nan'),
      ('bd6cf254-62e1-514d-8ba0-5416d35412aa', '6e15b300-442c-5404-8842-b3a66e4a9188', 'Tuba City', 'mill', 'decommissioned', '1970-01-01', '1970-01-01', NULL, 'nan'),
      ('2f813884-c1b5-5e52-a436-7fdbd85b3a50', '0dbb53b5-e6b1-5139-b562-ba0f4109d31d', 'Uravan / Nucla', 'mill', 'decommissioned', '1970-01-01', '1970-01-01', 490.0, 't U/year'),
      ('514e7606-53d4-5798-a671-350e9a900f60', '08596722-2397-51a2-9b26-20e1ac5177b0', 'Wellpinit / Sherwood', 'mill', 'decommissioned', '1970-01-01', '1970-01-01', 420.0, 't U/year'),
      ('d154a110-316f-5f7b-8760-d275b7d4b9fd', '7f679bfc-790f-5d09-94e0-e57b68866f3f', 'White Mesa Mill', 'mill', 'active', '1970-01-01', NULL, 1200.0, 't U/year'),
      ('5b49a117-44c0-5f5e-bff4-686a1d97fa0d', '57cc38e5-a986-53b5-bfdf-8c1ae20f4f3e', 'Christensen Ranch', 'mill', 'active', '1970-01-01', NULL, 250.0, 't U/year'),
      ('db24ed92-5376-5068-98c1-b8ed11314f4b', '4bb79c6d-8461-51d2-aa57-8444afb836aa', 'Irigaray', 'mill', 'stand by', '1970-01-01', NULL, 130.0, 't U/year'),
      ('415e86a4-c2ab-5b72-92f5-38c451676fb0', '7e134430-4da9-5413-b3e4-d9f55046a1e8', 'Goliad Uranium Project', 'mill', 'standby', NULL, NULL, NULL, 'nan'),
      ('81736a4d-a2f4-574b-8d81-73e845256329', '45a89702-648a-5daa-a9e8-607792c330ae', 'Hobson', 'mill', 'standby', '1970-01-01', NULL, 385.0, 't U/year'),
      ('31230a9f-6473-5282-bb73-3cc2e3a12015', 'aaf3554d-f9e0-553f-9b19-504f1577c8e0', 'La Palangana', 'mill', 'standby', '1970-01-01', NULL, 385.0, 't U/year'),
      ('8fdb8aba-2726-5472-bb79-678ed2c70745', '2e706f02-5ffc-507c-9c4e-43f360361618', 'Moore Ranch', 'mill', 'standby', '1970-01-01', NULL, 770.0, 't U/year'),
      ('c6559d85-e0d6-52fd-8c2e-0676eb37a154', 'e7da6002-77fa-5d04-a163-5c7bfba49e85', 'Reno Creek', 'mill', 'licensing', NULL, NULL, NULL, 'nan'),
      ('3d6b438a-db69-551b-aa32-5803a0af3b98', '23e883af-78bd-5fd3-9aff-2bfc08602b88', 'Alta Mesa', 'mill', 'active', '1970-01-01', NULL, 385.0, 't U/year'),
      ('068b9828-77c5-5338-9eb6-eaaef7410639', 'ed131a96-05b4-5dc1-8dde-7f54616203e5', 'Bruni', 'mill', 'decommissioned', '1970-01-01', '1970-01-01', 330.0, 't U/year'),
      ('84ea95e2-1517-5590-b12d-fa5316ce5377', 'dab43a2d-4206-5f44-8f55-217a799fe2c6', 'Burns', 'mill', 'decommissioned', '1970-01-01', '1970-01-01', 0.0, 't U/year'),
      ('13b3fd46-e680-5789-bfa2-465f67f1fc02', '6d8f4787-069c-5967-b7df-f0ece5eff186', 'Church Rock / Crownpoint', 'mill', 'licensing', NULL, NULL, NULL, 'nan'),
      ('7fa01830-9e3d-58a5-97ac-91b431e4ad46', '79636403-902d-5221-ac90-f50ee8a2538a', 'Clay West', 'mill', 'decommissioned', '1970-01-01', '1970-01-01', 0.0, 't U/year'),
      ('0beae86d-f552-53af-b300-3f53d71d05b8', 'e89bb182-18b7-53eb-aa6e-710127962355', 'Crow Butte', 'mill', 'standby', '1970-01-01', NULL, 385.0, 't U/year'),
      ('3ab56918-cfb3-5afd-b490-3de0296cb3a7', '6610a9ca-a05b-5fc6-b93f-a3b6045bb2c6', 'Dewey Burdock', 'mill', 'licensing', NULL, NULL, NULL, 'nan'),
      ('bc1c8fae-c232-51c1-97ea-e41c54cea674', 'c9de6116-baf3-520e-9417-29c569d2855c', 'Gruy Ranch (Satellite)', 'mill', 'terminated', NULL, NULL, 100.0, 't U/year'),
      ('7e5a3d0d-98c9-5ebd-89ed-e133d6778551', '85163fef-63af-56ab-960e-745dbcf3ff27', 'Holiday / El Mesquite', 'mill', 'decommissioning', '1970-01-01', '1970-01-01', 250.0, 't U/year'),
      ('c016bf50-c305-5c57-a5ed-20b65e2fff4f', '6c15f267-cff5-54ad-938f-560bfcab1658', 'JAB and Antelope', 'mill', 'terminated', NULL, NULL, 770.0, 't U/year'),
      ('21dfcbf9-b893-52b1-860e-b322a71c62e9', '3f6e9970-5a3e-5216-9ff5-8b752651c590', 'Kingsville Dome', 'mill', 'standby', '1970-01-01', '1970-01-01', 385.0, 't U/year'),
      ('7d712ba9-8339-551d-bf6d-e434af040f48', '49a91216-2c06-55c1-8c24-80ba445a9195', 'Lamprecht', 'mill', 'decommissioned', '1970-01-01', '1970-01-01', 100.0, 't U/year'),
      ('2e84fb9a-397f-5bc9-87ff-0770ac622208', '9a766d31-988f-594a-870e-181e9a65437b', 'Lance', 'mill', 'active', '1970-01-01', NULL, NULL, 'nan'),
      ('a87b73df-f892-55af-870c-7962ecff6288', '321941e3-a842-5e01-9edb-a97c233df6fd', 'Las Palmas', 'mill', 'decommissioning', '1970-01-01', '1970-01-01', 0.0, 't U/year'),
      ('62547f2e-4134-5e37-8280-af8cb48fdceb', 'cca6d6d7-e99c-5e1a-ad6c-f348eb6f6fdc', 'Lost Creek', 'mill', 'active', '1970-01-01', NULL, 770.0, 't U/year'),
      ('13a1e6ff-c142-5dcf-8f6b-87ced045adf9', '6a862abb-e493-5c0b-a77a-c3bc664d6d8c', 'McBryde / McBride', 'mill', 'decommissioned', '1970-01-01', '1970-01-01', 0.0, 't U/year'),
      ('0f23a5cd-2553-5e09-a76c-46c0bfef83c0', '35f80a5b-e238-5e83-b65b-699b36e5b135', 'Mt. Lucas', 'mill', 'decommissioning', '1970-01-01', '1970-01-01', 100.0, 't U/year'),
      ('d41bf6e7-694e-5ec9-abd6-c917ca64f77b', '616b5a08-1191-5ec9-8d22-0604fe847d4f', 'Nichols Ranch ISL Project', 'mill', 'standby', '1970-01-01', NULL, NULL, 'nan'),
      ('44156822-8ac8-5f27-b094-c3cf116089bd', 'e48a0f5b-6bd9-5a4a-b69e-be203600575f', 'Palangana', 'mill', 'shutdown', '1970-01-01', '1970-01-01', 45.0, 't U/year'),
      ('bd604a52-f0e0-5043-8eac-ec69e7f580c7', '457558c7-3703-5f06-b4ed-8e6c1a7e50e8', 'Rosita', 'mill', 'active', '1970-01-01', NULL, 385.0, 't U/year'),
      ('af605651-c150-595d-b3f0-1a1c0021b953', '48125369-8ec7-5176-ac1c-e4b66f8a036b', 'Ross', 'mill', 'standby', '1970-01-01', NULL, NULL, 'nan'),
      ('48d91890-4ec7-50e6-b922-37eb6cd2c8e2', '260795e8-ec43-5a76-ba48-bd42b3560ab0', 'Smith Ranch-Highland', 'mill', 'standby', '1970-01-01', '1970-01-01', 2116.0, 't U/year'),
      ('64fb8137-a594-569c-bde2-287cdf179f2d', '85d613f1-ee95-5a58-ad80-a8a50107481d', 'Trevino', 'mill', 'decommissioned', '1970-01-01', '1970-01-01', 150.0, 't U/year'),
      ('b16afce5-6bf5-5bd1-bdcb-d1c20e8c89c7', 'c87b28a3-1294-5c96-a8d5-467be1ea86fd', 'Vasquez', 'mill', 'decommissioning', '1970-01-01', '1970-01-01', 308.0, 't U/year'),
      ('068ba792-e267-5aa1-96c0-5a5ae78c22b5', '5a6df2c0-cb29-50ef-a56e-e8ce710683c7', 'West Cole', 'mill', 'decommissioned', '1970-01-01', '1970-01-01', 80.0, 't U/year'),
      ('06b5b159-cc15-5629-b7e2-53bf3c5a7ef2', '5773647e-4695-54fe-aaef-30ff44ba643c', 'Zamzow', 'mill', 'decommissioned', '1970-01-01', '1970-01-01', 60.0, 't U/year'),
      ('de0d0054-37d5-557b-89d7-f2567fec872c', '0a03a8d5-1316-53bc-8848-47d913ddc196', 'Hansen', 'mill', 'others', '1970-01-01', '1970-01-01', 0.0, 't U/year'),
      ('1cf75315-e1de-5220-a655-32935966090d', 'bcef4e9f-52c7-5b5a-be4c-9146cae13c3a', 'Spook', 'mill', 'decommissioned', '1970-01-01', '1970-01-01', NULL, 'nan'),
      ('48ecdd37-df4f-5e2d-8dfa-f3eb41229869', '3f5ca391-d7b6-5864-8d1c-7547259d4026', 'Bartow Module', 'mill', 'decommissioned', '1970-01-01', '1970-01-01', 200.0, 't U/year'),
      ('0dce818a-a611-59d4-886b-f8687c960b17', '21538292-951d-51e9-b5f4-21b8ce3b9b92', 'Faustina (Agrico)', 'mill', 'stand by', '1970-01-01', '1970-01-01', 181.0, 't U/year'),
      ('72519134-d3d9-58ea-900c-487fd1e264f5', 'a76ea5d6-058c-523c-885e-c67bfd6c8031', 'New Wales Plant', 'mill', 'stand by', '1970-01-01', '1970-01-01', 425.0, 't U/year'),
      ('65796eb4-1f9d-59f2-afda-2b0f6190998f', 'a76ea5d6-058c-523c-885e-c67bfd6c8031', 'Plant City Module', 'mill', 'stand by', '1970-01-01', '1970-01-01', 270.0, 't U/year'),
      ('4d075f45-3339-532e-a9b6-9bf5493fe29f', 'fe024d58-2d6d-59bb-a08a-c0272654ab63', 'Uncle Sam', 'mill', 'stand by', '1970-01-01', '1970-01-01', 350.0, 't U/year')
    on conflict (id) do nothing;

    commit;
